거래일,price,dong
2025-11-01,10000,TestDong
2025-11-01,10000,TestDong
2025-11-01,10000,TestDong
2025-11-01,10000,TestDong
2025-11-01,10000,TestDong
2025-11-01,10000,TestDong
2025-11-01,10000,TestDong
2025-11-01,10000,TestDong
2025-11-01,10000,TestDong
2025-11-01,10000,TestDong
2025-11-01,10000,TestDong
2025-11-01,10000,TestDong
2025-11-01,10000,TestDong
2025-11-01,10000,TestDong
2025-11-01,10000,TestDong
2025-11-01,10000,TestDong
2025-11-01,10000,TestDong
2025-11-01,10000,TestDong
2025-11-01,10000,TestDong
2025-11-01,10000,TestDong
2025-11-01,10000,TestDong
2025-11-01,10000,TestDong
2025-11-01,10000,TestDong
2025-11-01,10000,TestDong
2025-11-01,10000,TestDong
2025-11-01,10000,TestDong
2025-11-01,10000,TestDong
2025-11-01,10000,TestDong
2025-11-01,10000,TestDong
2025-11-01,10000,TestDong
2025-11-01,10000,TestDong
2025-11-01,10000,TestDong
