,sggCd,갱신요구권사용,거래일,건축년도,계약구분,계약기간,법정동,보증금액,아파트,월세금액,전용면적,종전계약보증금,종전계약월세,지번,층
0,11740,사용,2025-12-01,2008,갱신,26.01~28.01,암사동,"75,600",롯데캐슬퍼스트,0,84.98,"72,000",,414-2,7
1,11740,사용,2025-12-01,2002,갱신,25.12~27.12,암사동,"5,000",삼성광나루,127,59.94,"5,000",120,508,3
2,11740,,2025-12-01,2017,신규,26.01~28.01,천호동,"85,000",래미안강동팰리스,0,84.97,,,571,3
3,11740,,2025-12-01,2019,갱신,25.12~27.12,길동,"25,800",경지Arium,0,19.39,"26,000",,413-11,13
4,11740,,2025-12-01,2019,갱신,26.01~28.01,고덕동,"39,685",고덕그라시움,39,59.052,"39,700",30,693,2
5,11740,사용,2025-12-01,1983,갱신,26.01~28.01,명일동,"44,000",삼익그린2차,0,66.87,"42,000",,15,4
6,11740,,2025-12-01,2019,신규,26.01~28.01,고덕동,"10,000",고덕그라시움,270,59.028,,,693,6
7,11740,,2025-12-01,2011,갱신,26.02~28.02,고덕동,"85,000",고덕 아이파크,0,84.98,"72,000",,499,18
8,11740,,2025-12-01,2000,신규,26.01~28.01,천호동,"5,000",동아하이빌아파트,100,59.98,,,217-132,7
9,11740,사용,2025-12-01,2019,갱신,25.12~28.02,상일동,"52,500",고덕센트럴IPARK,0,74.99,"50,000",,513,6
10,11740,,2025-12-01,2019,신규,26.02~28.02,고덕동,"85,000",고덕그라시움,0,59.028,,,693,3
11,11740,,2025-12-01,2019,신규,26.01~28.01,고덕동,"50,000",고덕그라시움,160,73.873,,,693,12
12,11740,사용,2025-12-01,2013,갱신,25.12~27.12,길동,"7,000",한일시티타워(우성아트빌),155,104.62,"7,000",150,385-6,7
13,11740,,2025-12-01,2021,신규,25.12~28.01,상일동,"5,256",강동리엔파크11단지,21,17.97,,,36-3,8
14,11740,,2025-12-01,2011,신규,25.12~28.02,강일동,"52,560",고덕리엔파크2단지,0,114.97,,,717,10
15,11740,,2025-12-01,2021,신규,25.12~28.01,상일동,"5,256",강동리엔파크11단지,21,17.98,,,36-3,17
16,11740,,2025-12-01,2009,갱신,25.12~27.11,강일동,"3,052",강일리버파크3단지,24,39.9,"2,938",23,674,6
17,11740,사용,2025-12-01,2019,갱신,25.12~27.12,고덕동,"88,200",고덕그라시움,0,84.046,"84,000",,693,18
18,11740,,2025-12-01,1988,신규,25.12~27.12,둔촌동,"45,000",현대2,0,59.19,,,70-5,1
19,11740,사용,2025-12-01,2018,갱신,26.02~28.02,상일동,"30,000",고덕숲아이파크,90,59.87,"30,000",80,515,7
20,11740,,2025-12-01,2021,신규,25.12~28.01,상일동,"5,256",강동리엔파크11단지,21,17.98,,,36-3,11
21,11740,,2025-12-01,1983,,,명일동,"44,000",삼익그린2차,0,66.87,,,15,4
22,11740,,2025-12-01,2010,갱신,25.12~27.12,성내동,"55,500",둔촌역아치스톤(101동),0,84.88,"53,000",,412,9
23,11740,,2025-12-01,2011,신규,25.12~28.02,상일동,"52,560",고덕리엔파크3단지,0,114.92,,,490,10
24,11740,,2025-12-02,1996,신규,26.01~28.01,길동,"59,000",현대1,0,84.87,,,470,9
25,11740,사용,2025-12-02,2020,갱신,26.02~28.02,상일동,"76,650",고덕아르테온,0,84.97,"73,000",,519,3
26,11740,사용,2025-12-02,2019,갱신,26.02~28.02,상일동,"20,000",고덕롯데캐슬베네루체,151,59.981,"20,000",140,514,3
27,11740,사용,2025-12-02,1995,갱신,26.01~28.01,둔촌동,"27,000",성원,26,59.22,"27,000",20,613,10
28,11740,,2025-12-02,2014,신규,25.12~26.12,길동,"2,000",청광플러스원큐브3차,48,13.265,,,415-16,11
29,11740,사용,2025-12-02,2004,갱신,26.02~28.02,성내동,"10,000",에스케이허브진,53,33.71,"10,000",50,194,15
30,11740,,2025-12-02,2000,신규,26.02~28.02,암사동,"65,000",선사현대아파트,0,83.79,,,509,2
31,11740,,2025-12-02,1994,신규,26.02~28.02,길동,"26,400",길동우성,0,40.36,,,400,2
32,11740,사용,2025-12-02,2000,갱신,25.12~27.12,암사동,"63,000",선사현대아파트,0,82.94,"60,000",,509,9
33,11740,,2025-12-02,2019,신규,26.02~28.02,상일동,"85,000",고덕롯데캐슬베네루체,0,84.146,,,514,17
34,11740,사용,2025-12-02,1986,갱신,26.01~28.01,명일동,"70,000",신동아,0,112.93,"70,000",,44,12
35,11740,,2025-12-02,2004,신규,26.01~28.01,길동,"45,000",에이치비골드빌(103동),0,62.39,,,384-5,14
36,11740,사용,2025-12-02,1991,갱신,26.02~28.02,천호동,"12,000",한신아파트,100,83.52,"12,000",100,237,1
37,11740,,2025-12-02,2004,신규,26.03~28.03,천호동,"47,000",우정에쉐르(101동),20,84.24,,,163-34,6
38,11740,,2025-12-02,2013,신규,25.12~26.12,길동,"2,000",강동큐브(2차),55,15.12,,,415-13,12
39,11740,,2025-12-02,2023,신규,26.02~28.02,강일동,"10,000",힐스테이트리슈빌강일,260,84.8935,,,72,16
40,11740,,2025-12-02,2021,신규,26.02~28.02,강일동,"47,000",강동리버스트8단지,0,49.8,,,66,4
41,11740,,2025-12-02,1992,갱신,25.12~26.12,명일동,"42,000",삼환,0,84.92,"39,900",,47,12
42,11740,,2025-12-02,2012,갱신,25.12~27.12,길동,"10,100",청광플러스원(큐브1차),0,16.685,"10,800",,387-5,11
43,11740,,2025-12-02,1999,신규,25.12~27.12,명일동,"60,000",명일지에스아파트,0,84.9,,,332,5
44,11740,,2025-12-02,2019,갱신,25.12~27.12,고덕동,"63,000",고덕그라시움,0,59.785,"55,000",,693,16
45,11740,,2025-12-02,1992,갱신,25.12~27.09,상일동,"45,000",중앙하이츠,0,84.23,"42,000",,476,7
46,11740,사용,2025-12-02,2019,갱신,26.02~28.02,명일동,"61,950",래미안솔베뉴,0,59.25,"59,000",,359,9
47,11740,,2025-12-02,2019,신규,26.02~28.02,상일동,"94,000",고덕센트럴IPARK,0,102.85,,,513,15
48,11740,,2025-12-02,1987,신규,26.01~28.01,성내동,"26,000",현대,50,59.36,,,30-2,6
49,11740,사용,2025-12-02,1986,갱신,25.12~27.12,명일동,"54,600",명일우성,0,84.93,"52,000",,42,7
50,11740,,2025-12-03,2000,신규,25.12~27.12,암사동,"65,000",선사현대아파트,0,83.18,,,509,4
51,11740,,2025-12-03,2015,신규,26.01~28.08,천호동,"92,000",강동역신동아파밀리에,0,107.34,,,447-17,32
52,11740,,2025-12-03,2021,신규,25.12~28.01,상일동,"5,256",강동리엔파크11단지,21,17.97,,,36-3,4
53,11740,,2025-12-03,2000,신규,26.01~28.01,암사동,"9,000",선사현대아파트,150,59.64,,,509,8
54,11740,,2025-12-03,2021,신규,25.12~28.01,상일동,"5,256",강동리엔파크11단지,21,17.98,,,36-3,7
55,11740,,2025-12-03,2000,신규,26.02~28.02,암사동,"38,000",선사현대아파트,70,59.64,,,509,19
56,11740,,2025-12-03,2015,신규,26.01~28.03,강일동,"5,976",강일리버파크11단지,23,29.96,,,689,5
57,11740,,2025-12-03,2015,신규,26.01~28.03,강일동,"5,976",강일리버파크11단지,23,29.96,,,689,5
58,11740,,2025-12-03,1986,신규,26.01~28.01,명일동,"60,000",한양,0,84.92,,,54,8
59,11740,,2025-12-03,2021,신규,25.12~28.01,상일동,"2,628",강동리엔파크11단지,26,17.98,,,36-3,7
60,11740,,2025-12-03,1987,신규,26.02~28.02,명일동,"25,000",고덕삼환아파트,132,84.644,,,41,12
61,11740,,2025-12-03,2020,신규,26.03~28.03,상일동,"50,000",고덕아르테온,120,59.98,,,519,9
62,11740,,2025-12-03,2004,신규,26.03~27.02,암사동,"20,000",현대홈타운,200,84.98,,,400,20
63,11740,,2025-12-03,2015,신규,26.01~28.03,강일동,"5,976",강일리버파크11단지,23,29.96,,,689,10
64,11740,사용,2025-12-03,2009,갱신,26.02~28.02,강일동,"47,200",강일리버파크1단지,0,84.74,"45,000",,665,9
65,11740,,2025-12-03,2015,신규,26.01~28.03,강일동,"5,976",강일리버파크11단지,23,29.97,,,689,10
66,11740,사용,2025-12-03,2003,갱신,26.02~28.02,길동,"40,500",양촌,0,79.4,"39,000",,352-3,3
67,11740,사용,2025-12-03,2021,갱신,26.01~28.01,상일동,"5,000",강동리엔파크14단지,137,49.69,"5,000",130,28,6
68,11740,,2025-12-03,2019,신규,26.01~28.03,상일동,"14,000",고덕센트럴IPARK,55,59.99,,,513,3
69,11740,,2025-12-03,2019,신규,26.03~28.03,명일동,"79,000",래미안솔베뉴,0,59.11,,,359,12
70,11740,,2025-12-03,2000,신규,26.03~28.03,암사동,"54,000",선사현대아파트,0,59.64,,,509,11
71,11740,,2025-12-03,2007,신규,26.02~28.02,암사동,"45,000",프라이어팰리스,140,84.988,,,413,4
72,11740,,2025-12-03,2023,신규,26.01~28.03,천호동,"6,450",힐데스하임천호아파트,63,52.5268,,,578,18
73,11740,,2025-12-03,2015,신규,26.01~28.03,강일동,"5,976",강일리버파크11단지,23,29.96,,,689,10
74,11740,사용,2025-12-03,2019,갱신,26.02~28.02,고덕동,"67,200",고덕그라시움,0,59.785,"64,000",,693,6
75,11740,사용,2025-12-03,2016,갱신,26.01~28.01,고덕동,"68,250",래미안힐스테이트고덕,0,59.35,"65,000",,688,10
76,11740,,2025-12-03,2019,신규,26.01~28.03,상일동,"14,000",고덕롯데캐슬베네루체,55,59.984,,,514,14
77,11740,,2025-12-03,2019,신규,26.03~28.03,상일동,"50,000",고덕롯데캐슬베네루체,50,59.981,,,514,5
78,11740,사용,2025-12-03,2019,갱신,26.02~28.02,명일동,"73,500",래미안솔베뉴,0,59.29,"70,000",,359,4
79,11740,사용,2025-12-03,2008,갱신,26.01~28.01,암사동,"10,000",롯데캐슬퍼스트,243,102.34,"10,000",230,414-2,4
80,11740,,2025-12-03,2021,신규,26.02~28.02,강일동,"10,000",강동리버스트8단지,160,49.74,,,66,11
81,11740,,2025-12-03,2023,신규,26.01~26.07,강일동,"20,000",힐스테이트리슈빌강일,240,84.8935,,,72,18
82,11740,,2025-12-03,2019,신규,25.12~26.06,상일동,"70,000",고덕센트럴IPARK,0,59.97,,,513,7
83,11740,,2025-12-04,1999,신규,26.02~28.02,천호동,"45,000",천호태영아파트,40,59.63,,,566,11
84,11740,,2025-12-04,2009,신규,26.02~28.02,강일동,"25,000",강일리버파크1단지,120,84.53,,,665,4
85,11740,,2025-12-04,2015,신규,26.01~28.03,강일동,"2,176",강일리버파크11단지,27,29.96,,,689,6
86,11740,,2025-12-04,2019,신규,26.01~28.03,상일동,"7,000",고덕롯데캐슬베네루체,70,59.984,,,514,16
87,11740,사용,2025-12-04,1997,갱신,25.12~27.12,상일동,"36,750",동아,0,59.25,"35,000",,473,17
88,11740,,2025-12-04,2021,신규,26.02~28.02,상일동,"89,000",고덕자이,0,84.445,,,521,21
89,11740,사용,2025-12-04,2016,갱신,26.02~28.02,암사동,"31,200",다성이즈빌,0,29.45,"30,000",,459-1,2
90,11740,,2025-12-04,2012,신규,25.12~27.12,길동,500,청광플러스원(큐브1차),57,16.685,,,387-5,13
91,11740,,2025-12-04,2020,신규,26.02~28.02,상일동,"30,000",고덕아르테온,190,59.98,,,519,21
92,11740,사용,2025-12-04,2011,갱신,26.01~28.01,고덕동,"89,000",고덕 아이파크,0,114.98,"85,000",,499,8
93,11740,사용,2025-12-04,2008,갱신,25.12~27.12,암사동,"10,000",롯데캐슬퍼스트,253,84.98,"10,000",240,414-2,15
94,11740,,2025-12-04,2019,갱신,26.01~27.12,고덕동,"19,066",고덕그라시움,24,59.785,"18,158",,693,3
95,11740,,2025-12-04,2009,신규,26.02~28.02,강일동,"25,000",강일리버파크1단지,120,84.53,,,665,4
96,11740,,2025-12-04,2015,신규,26.01~28.03,강일동,"5,976",강일리버파크11단지,23,29.96,,,689,7
97,11740,,2025-12-04,2019,신규,26.01~28.01,고덕동,"80,000",고덕그라시움,0,84.244,,,693,12
98,11740,,2025-12-04,2015,신규,26.01~28.03,강일동,"5,976",강일리버파크11단지,23,29.96,,,689,3
99,11740,,2025-12-04,2015,신규,26.01~28.03,강일동,"5,976",강일리버파크11단지,23,29.96,,,689,4
100,11740,,2025-12-04,2015,신규,26.01~28.03,강일동,"5,976",강일리버파크11단지,23,29.96,,,689,8
101,11740,사용,2025-12-04,2022,갱신,25.12~27.12,성내동,"61,900",한영해시안아파트,0,64.24,"59,000",,552-1,4
102,11740,,2025-12-04,2015,신규,26.01~28.03,강일동,"5,976",강일리버파크11단지,23,29.97,,,689,7
103,11740,사용,2025-12-04,2019,갱신,26.02~28.02,상일동,"40,000",고덕센트럴IPARK,81,59.97,"40,000",70,513,17
104,11740,,2025-12-04,2021,갱신,26.01~27.12,강일동,"33,075",강동리버스트8단지,0,59.97,"31,500",,66,7
105,11740,,2025-12-04,2016,신규,26.02~28.02,성내동,"55,650",올림픽파크한양수자인,0,59.55,,,606,12
106,11740,,2025-12-04,2015,신규,26.01~28.03,강일동,"5,976",강일리버파크11단지,23,29.96,,,689,5
107,11740,,2025-12-04,2015,신규,26.01~28.03,강일동,"5,976",강일리버파크11단지,23,29.96,,,689,6
108,11740,사용,2025-12-04,2020,갱신,25.12~27.12,길동,"60,900",이편한세상강동에코포레,0,59.97,"58,000",,477,7
109,11740,,2025-12-04,2021,신규,26.01~28.01,성내동,"19,000",에스아이팰리스센트럴성내,9,14.0075,,,548-4,7
110,11740,,2025-12-04,2020,신규,26.01~28.03,상일동,"7,620",푸르내,25,28.14,,,526,7
111,11740,,2025-12-04,1992,신규,26.01~28.01,명일동,"69,000",삼환,0,84.9,,,47,9
112,11740,,2025-12-04,2019,갱신,25.12~27.12,고덕동,"50,000",고덕그라시움,80,59.785,"50,000",50,693,2
113,11740,,2025-12-04,2023,신규,26.01~28.01,성내동,"5,990",천호역효성해링턴타워,43,16.09,,,609,5
114,11740,,2025-12-04,2004,신규,26.01~28.01,성내동,"46,000",성내2차e-편한세상,50,84.79,,,137,1
115,11740,,2025-12-04,2019,신규,26.01~28.03,상일동,"14,000",고덕센트럴IPARK,55,59.99,,,513,6
116,11740,,2025-12-04,2020,신규,26.02~28.02,상일동,"77,000",고덕아르테온,0,59.98,,,519,8
117,11740,,2025-12-04,2019,신규,26.01~28.03,상일동,"14,000",고덕롯데캐슬베네루체,55,59.984,,,514,16
118,11740,,2025-12-04,2019,신규,26.02~28.02,고덕동,"20,000",고덕그라시움,300,84.244,,,693,21
119,11740,,2025-12-04,1988,신규,26.02~28.02,명일동,"50,000",현대(명일),0,84.66,,,251-1,5
120,11740,사용,2025-12-04,2007,갱신,25.12~27.12,천호동,"68,000",강동상떼빌,0,119.7,"65,000",,450,19
121,11740,,2025-12-04,2019,신규,26.02~28.02,상일동,"55,000",고덕롯데캐슬베네루체,130,84.923,,,514,13
122,11740,사용,2025-12-04,2019,갱신,26.02~28.02,고덕동,"63,000",고덕그라시움,0,59.052,"60,000",,693,2
123,11740,,2025-12-04,2019,,,고덕동,"65,000",고덕그라시움,0,59.785,,,693,13
124,11740,,2025-12-04,1999,,,길동,"29,000",신동아4,0,42.44,,,92,4
125,11740,,2025-12-04,2019,신규,26.01~28.03,상일동,0,고덕센트럴IPARK,69,59.99,,,513,6
126,11740,,2025-12-05,2021,갱신,26.01~27.12,상일동,"17,700",고덕자이,25,48.6765,"22,064",,521,11
127,11740,,2025-12-05,2020,신규,26.02~28.02,상일동,"95,000",고덕아르테온,0,84.93,,,519,13
128,11740,,2025-12-05,2024,신규,26.02~28.02,상일동,"79,000",e편한세상고덕어반브릿지,0,84.0505,,,554-38,3
129,11740,,2025-12-05,2013,갱신,26.01~28.01,길동,"12,600",K＆GTower,0,15.521,"12,000",,393-6,2
130,11740,,2025-12-05,2024,신규,26.02~28.02,상일동,"79,000",e편한세상고덕어반브릿지,0,84.0505,,,554-38,3
131,11740,,2025-12-05,2015,신규,26.01~28.03,강일동,"5,976",강일리버파크11단지,23,29.96,,,689,3
132,11740,,2025-12-05,2015,신규,26.01~28.03,강일동,"5,976",강일리버파크11단지,23,29.96,,,689,5
133,11740,사용,2025-12-05,1998,갱신,25.12~27.12,암사동,"33,000",대원,0,59.9,"31,500",,461,16
134,11740,사용,2025-12-05,2020,갱신,26.02~28.02,고덕동,"63,000",고덕센트럴푸르지오,0,59.06,"60,000",,210-1,27
135,11740,사용,2025-12-05,2019,갱신,26.01~28.01,상일동,"68,250",고덕롯데캐슬베네루체,0,84.146,"65,000",,514,5
136,11740,,2025-12-05,1992,갱신,25.12~27.12,상일동,"30,000",중앙하이츠,0,59.94,"30,000",,476,6
137,11740,,2025-12-05,1982,신규,26.02~28.02,길동,"3,000",삼익파크맨션,70,63.32,,,53,10
138,11740,사용,2025-12-05,1986,갱신,26.02~28.02,명일동,"54,600",명일우성,0,84.93,"52,000",,42,6
139,11740,,2025-12-05,2021,갱신,26.01~28.01,길동,"30,450",다성이즈빌,0,26.27,"29,000",,416-17,13
140,11740,,2025-12-05,2019,갱신,25.12~27.12,고덕동,"78,000",고덕그라시움,80,84.244,"63,000",80,693,25
141,11740,,2025-12-05,2016,갱신,26.02~27.02,고덕동,"85,000",래미안힐스테이트고덕,0,84.83,"75,000",,688,3
142,11740,사용,2025-12-05,2008,갱신,26.02~28.02,암사동,"81,900",롯데캐슬퍼스트,0,112.11,"78,000",,414-2,9
143,11740,,2025-12-05,2020,갱신,25.12~27.12,상일동,"61,950",고덕아르테온,100,84.93,"61,950",65,519,7
144,11740,사용,2025-12-05,2019,갱신,25.12~27.12,고덕동,"73,000",고덕그라시움,13,73.873,"73,000",,693,21
145,11740,,2025-12-05,1987,신규,25.12~27.12,천호동,"1,000",금호아파트,80,27.61,,,44,8
146,11740,,2025-12-05,2008,신규,26.02~28.02,암사동,"90,000",롯데캐슬퍼스트,0,102.34,,,414-2,17
147,11740,사용,2025-12-05,2019,갱신,26.02~28.02,고덕동,"86,000",고덕그라시움,0,84.244,"82,000",,693,19
148,11740,,2025-12-05,2014,신규,25.12~26.12,길동,"1,000",강동와이시티,50,13.97,,,414-4,18
149,11740,,2025-12-05,2015,신규,26.01~28.03,강일동,0,강일리버파크11단지,29,29.96,,,689,3
150,11740,,2025-12-05,1987,신규,25.12~27.12,천호동,"3,000",금호아파트,68,27.61,,,44,9
151,11740,사용,2025-12-05,2021,갱신,26.01~28.01,상일동,"66,000",고덕자이,0,59.9398,"63,000",,521,11
152,11740,,2025-12-05,2015,신규,26.01~28.03,강일동,"5,976",강일리버파크11단지,23,29.96,,,689,10
153,11740,,2025-12-06,1983,갱신,26.02~28.02,명일동,"34,177",삼익그린2차,6,66.87,"34,177",,15,9
154,11740,,2025-12-06,1984,갱신,26.01~28.01,명일동,"42,000",삼익가든,0,71.2,"40,000",,270,11
155,11740,사용,2025-12-06,2019,갱신,26.01~28.01,고덕동,"85,000",고덕그라시움,0,84.244,"85,000",,693,10
156,11740,,2025-12-06,2009,신규,26.03~28.03,강일동,"41,674",강일리버파크3단지,0,84.53,,,674,5
157,11740,,2025-12-06,2003,갱신,25.12~27.12,성내동,"14,000",동영,25,63,"14,000",20,426-21,4
158,11740,,2025-12-06,2003,신규,26.02~28.02,성내동,"70,000",성내1차e-편한세상,0,84.18,,,598,9
159,11740,,2025-12-06,1986,갱신,26.01~28.01,명일동,"80,000",현대(고덕),0,131.83,"67,000",,56,12
160,11740,,2025-12-06,1996,갱신,26.02~28.02,고덕동,"44,000",아남1,0,84.91,"43,000",,486,3
161,11740,,2025-12-06,2016,갱신,25.12~27.12,고덕동,"15,000",래미안힐스테이트고덕,240,59.23,"15,000",190,688,16
162,11740,,2025-12-06,2003,신규,26.02~28.02,성내동,"70,000",성내1차e-편한세상,0,84.18,,,598,9
163,11740,사용,2025-12-06,2020,갱신,26.03~28.03,상일동,"47,250",고덕아르테온,58,59.98,"45,000",55,519,20
164,11740,,2025-12-06,2011,갱신,25.12~27.12,강일동,"60,000",고덕리엔파크2단지,0,59.72,"52,000",,717,2
165,11740,,2025-12-06,2019,신규,26.04~28.04,암사동,"85,000",힐스테이트 강동 리버뷰,0,84.9921,,,675,24
166,11740,,2025-12-06,2014,신규,25.12~27.12,길동,"9,450",청광플러스원큐브3차,15,13.265,,,415-16,9
167,11740,사용,2025-12-06,2016,갱신,26.02~28.02,고덕동,"60,000",래미안힐스테이트고덕,116,84.74,"60,000",100,688,9
168,11740,,2025-12-06,2019,갱신,26.01~28.01,천호동,"17,724",집앤사스윗사이드아파트,0,14.02,"16,880",,328-1,6
169,11740,사용,2025-12-06,2000,갱신,26.01~28.01,암사동,"53,000",선사현대아파트,0,72.85,"51,000",,509,24
170,11740,,2025-12-06,2023,갱신,25.12~27.12,강일동,"30,000",힐스테이트리슈빌강일,130,84.8935,"30,000",120,72,15
171,11740,,2025-12-06,1999,신규,26.03~28.03,성내동,"69,500",코오롱(1차),0,84.69,,,196-8,13
172,11740,,2025-12-06,2019,신규,26.02~28.02,상일동,"20,000",고덕센트럴IPARK,205,59.97,,,513,16
173,11740,,2025-12-06,2019,신규,26.01~28.01,명일동,"75,000",래미안솔베뉴,0,59.29,,,359,10
174,11740,사용,2025-12-06,2019,갱신,26.01~28.01,상일동,"35,000",고덕센트럴IPARK,117,59.97,"35,000",105,513,21
175,11740,,2025-12-06,2023,신규,26.01~28.01,강일동,"10,000",힐스테이트리슈빌강일,280,84.7324,,,72,18
176,11740,,2025-12-06,2019,신규,26.02~28.02,고덕동,"20,000",고덕그라시움,300,84.244,,,693,27
177,11740,,2025-12-06,2011,신규,26.03~28.03,상일동,"70,000",고덕리엔파크3단지,0,84.98,,,490,2
178,11740,,2025-12-06,2009,신규,26.01~28.01,강일동,"40,000",강일리버파크7단지,110,84.74,,,686,14
179,11740,,2025-12-06,1985,갱신,25.12~27.12,명일동,"6,000",고덕주공9,130,83.21,"6,000",110,257,4
180,11740,사용,2025-12-06,2007,갱신,26.02~28.02,천호동,"65,000",강동상떼빌,0,119.7,"63,000",,450,20
181,11740,,2025-12-06,2020,신규,26.02~28.02,상일동,"10,000",고덕아르테온,260,59.98,,,519,15
182,11740,,2025-12-06,2019,신규,26.02~28.02,상일동,"50,000",고덕센트럴IPARK,140,84.91,,,513,14
183,11740,사용,2025-12-06,2011,갱신,26.02~28.02,고덕동,"75,600",고덕 아이파크,0,84.98,"72,000",,499,19
184,11740,사용,2025-12-06,2019,갱신,26.02~28.02,상일동,"10,000",고덕센트럴IPARK,254,84.91,"10,000",240,513,21
185,11740,사용,2025-12-06,2019,갱신,26.02~28.02,상일동,"68,200",고덕센트럴IPARK,0,74.99,"65,000",,513,6
186,11740,,2025-12-06,2008,신규,26.02~28.02,암사동,"11,000",롯데캐슬퍼스트,260,84.98,,,414-2,5
187,11740,사용,2025-12-06,2023,갱신,26.01~28.01,길동,"31,500",길동다성이즈빌,0,31.57,"30,000",,480,2
188,11740,,2025-12-06,2024,신규,26.02~28.02,둔촌동,"70,000",대경베일리,0,77.3119,,,451-1,10
189,11740,,2025-12-06,2017,갱신,25.12~27.12,천호동,"26,000",현진리버파크,0,23.08,"24,900",,467-11,7
190,11740,,2025-12-06,2023,신규,26.02~28.02,강일동,"82,000",힐스테이트리슈빌강일,0,101.7074,,,72,8
191,11740,,2025-12-06,2008,갱신,26.02~28.02,암사동,"75,900",롯데캐슬퍼스트,0,84.98,"60,900",,414-2,21
192,11740,,2025-12-06,2023,신규,26.01~28.03,천호동,"13,600",힐데스하임천호아파트,52,52.5268,,,578,10
193,11740,,2025-12-06,2008,신규,25.12~27.12,암사동,"22,050",롯데캐슬퍼스트,77,59.99,,,414-2,16
194,11740,,2025-12-06,1983,갱신,25.12~27.12,명일동,"40,000",삼익그린2차,0,54.81,"35,000",,15,15
195,11740,,2025-12-06,2019,신규,26.01~28.01,길동,"12,000",다성이즈빌(387-2),6,14,,,387-2,12
196,11740,사용,2025-12-06,2007,갱신,26.03~28.03,암사동,"57,750",프라이어팰리스,0,59.983,"55,000",,413,3
197,11740,사용,2025-12-06,2019,갱신,26.01~28.01,고덕동,"70,350",고덕그라시움,0,59.785,"67,000",,693,21
198,11740,,2025-12-06,1995,신규,26.01~28.01,고덕동,"50,000",배재현대,100,84.9,,,312,8
199,11740,,2025-12-06,2019,신규,26.02~28.02,고덕동,"90,000",고덕그라시움,0,84.046,,,693,19
200,11740,사용,2025-12-06,2003,갱신,25.12~27.12,성내동,"33,000",늘조은,0,43.43,"35,000",,244-8,9
201,11740,사용,2025-12-06,1995,갱신,26.01~28.01,고덕동,"49,000",배재현대,0,59.94,"47,000",,312,18
202,11740,,2025-12-06,2018,신규,26.02~28.02,상일동,"84,000",고덕숲아이파크,0,84.85,,,515,2
203,11740,,2025-12-06,2020,신규,26.02~28.02,상일동,"95,000",고덕아르테온,0,84.97,,,519,6
204,11740,사용,2025-12-06,2023,갱신,26.01~28.01,강일동,"58,800",힐스테이트리슈빌강일,0,84.8935,"56,000",,72,18
205,11740,,2025-12-06,2019,신규,26.02~28.02,명일동,"20,000",래미안솔베뉴,200,59.11,,,359,10
206,11740,,2025-12-06,2009,신규,26.02~28.02,강일동,"62,000",강일리버파크3단지,0,84.74,,,674,4
207,11740,,2025-12-06,2002,신규,26.02~28.02,성내동,"57,000",영풍마드레빌,0,80.31,,,593,2
208,11740,,2025-12-06,2019,신규,26.01~28.01,명일동,"57,000",래미안솔베뉴,100,59.11,,,359,21
209,11740,,2025-12-06,2007,갱신,26.01~28.01,암사동,"57,000",프라이어팰리스,47,84.988,"48,000",80,413,9
210,11740,사용,2025-12-06,2017,갱신,25.12~27.12,천호동,"80,850",래미안강동팰리스,0,84.97,"77,000",,571,7
211,11740,,2025-12-06,1984,신규,26.03~28.03,둔촌동,"60,000",프라자,0,83.4,,,603,5
212,11740,사용,2025-12-06,2019,갱신,26.02~28.02,상일동,"70,350",고덕롯데캐슬베네루체,0,84.923,"69,000",,514,16
213,11740,사용,2025-12-06,2019,갱신,26.02~28.02,상일동,"72,450",고덕롯데캐슬베네루체,0,84.923,"69,000",,514,3
214,11740,,2025-12-06,1996,,,길동,"45,000",현대1,0,59.79,,,470,17
215,11740,,2025-12-06,1999,신규,26.02~28.02,암사동,"30,000",한강현대,90,84.93,,,442-1,11
216,11740,,2025-12-06,2010,갱신,25.12~27.12,둔촌동,"68,000",둔촌푸르지오,0,84.92,"62,750",,630,21
217,11740,,2025-12-06,2020,신규,26.02~28.02,상일동,"140,000",고덕아르테온,0,114.86,,,519,11
218,11740,,2025-12-06,2019,갱신,26.01~28.01,고덕동,"10,000",고덕그라시움,360,84.046,"10,000",270,693,3
219,11740,,2025-12-06,2019,갱신,26.01~28.01,상일동,"81,000",고덕롯데캐슬베네루체,0,122.082,"81,000",,514,29
220,11740,사용,2025-12-06,2009,갱신,26.01~28.01,강일동,"47,200",강일리버파크6단지,0,84.74,"45,000",,684,11
221,11740,,2025-12-06,2018,신규,26.01~28.01,상일동,"68,000",고덕숲아이파크,0,59.97,,,515,22
222,11740,사용,2025-12-06,2021,갱신,26.02~28.02,상일동,"60,500",고덕자이,0,59.9398,"58,000",,521,15
223,11740,사용,2025-12-06,2019,갱신,26.02~28.02,상일동,"70,350",고덕롯데캐슬베네루체,0,84.923,"67,000",,514,16
224,11740,사용,2025-12-06,2007,갱신,26.02~28.02,암사동,"68,200",프라이어팰리스,0,84.988,"65,000",,413,17
225,11740,,2025-12-06,2023,갱신,25.12~27.12,강일동,"68,250",힐스테이트리슈빌강일,0,101.8406,"65,000",,72,16
226,11740,,2025-12-06,2014,신규,25.12~26.12,길동,"1,000",강동와이시티,50,13.97,,,414-4,11
227,11740,,2025-12-06,1983,신규,26.02~28.02,명일동,"53,000",삼익그린2차,0,66.87,,,15,11
228,11740,사용,2025-12-06,2007,갱신,26.02~28.02,암사동,"41,000",프라이어팰리스,65,59.983,"41,000",55,413,7
229,11740,,2025-12-06,2004,신규,26.03~28.03,명일동,"28,000",우성102동,110,84.97,,,312-257,4
230,11740,사용,2025-12-06,2019,갱신,26.01~28.01,상일동,"60,000",고덕센트럴IPARK,0,59.97,"60,000",,513,9
231,11740,,2025-12-06,2004,신규,26.01~28.01,길동,"20,000",청원파크빌2,130,72.61,,,361-18,8
232,11740,,2025-12-07,2009,신규,26.02~28.02,강일동,"64,000",강일리버파크10단지,0,84.53,,,695,3
233,11740,,2025-12-07,2019,신규,26.01~28.03,상일동,"14,000",고덕센트럴IPARK,55,59.99,,,513,2
234,11740,,2025-12-07,2019,갱신,25.12~27.12,고덕동,"47,460",고덕그라시움,0,59.785,"45,200",,693,4
235,11740,사용,2025-12-07,1983,갱신,25.12~27.12,명일동,"29,400",삼익그린2차,0,54.81,"28,000",,15,15
236,11740,,2025-12-07,1985,신규,26.02~28.02,명일동,"50,000",고덕주공9,0,83.52,,,257,7
237,11740,,2025-12-07,2019,신규,26.03~28.03,암사동,"87,000",힐스테이트 강동 리버뷰,0,84.9979,,,675,26
238,11740,,2025-12-07,2004,신규,26.02~28.02,성내동,"28,000",에스케이허브진,0,30.26,,,194,6
239,11740,,2025-12-07,2002,신규,26.02~28.02,성내동,"57,000",영풍마드레빌,0,74.36,,,593,7
240,11740,,2025-12-07,2020,신규,26.01~28.03,상일동,"7,620",푸르내,25,28.14,,,526,8
241,11740,,2025-12-07,2019,신규,26.02~28.02,상일동,"70,000",고덕롯데캐슬베네루체,70,84.146,,,514,9
242,11740,,2025-12-07,2007,갱신,26.01~28.01,암사동,"37,000",내일쎄닛빌,25,79.2,"37,000",,466-3,3
243,11740,사용,2025-12-08,2019,갱신,26.01~28.01,상일동,"76,650",고덕센트럴IPARK,0,84.91,"73,000",,513,9
244,11740,,2025-12-08,2004,신규,26.02~28.02,길동,"30,000",에이치비골드빌(103동),0,42.3,,,384-5,11
245,11740,,2025-12-08,1986,갱신,26.03~28.03,명일동,"65,000",한양,0,119.37,"60,000",,54,4
246,11740,,2025-12-08,1995,신규,26.02~28.02,고덕동,"20,000",배재현대,150,59.94,,,312,5
247,11740,,2025-12-08,1983,갱신,26.01~28.01,명일동,"46,200",삼익그린2차,55,84.755,"46,100",20,15,9
248,11740,사용,2025-12-08,2023,갱신,26.02~28.02,강일동,"53,550",힐스테이트리슈빌강일,0,84.6331,"51,000",,72,4
249,11740,,2025-12-08,2021,신규,25.12~27.12,천호동,"1,000",아스하임,85,12.88,,,432-7,8
250,11740,,2025-12-08,2000,신규,26.02~28.02,암사동,"64,000",선사현대아파트,80,114.42,,,509,12
251,11740,,2025-12-08,1986,신규,26.02~28.02,명일동,"80,000",명일우성,0,133.65,,,42,2
252,11740,,2025-12-08,2019,신규,26.02~28.02,상일동,"85,000",고덕롯데캐슬베네루체,0,84.146,,,514,22
253,11740,사용,2025-12-08,2023,갱신,25.12~27.12,강일동,"55,650",힐스테이트리슈빌강일,0,84.7324,"53,000",,72,7
254,11740,,2025-12-08,2015,신규,26.01~28.03,강일동,"5,644",강일리버파크11단지,22,29.96,,,689,5
255,11740,,2025-12-08,2015,신규,26.01~28.03,강일동,"5,976",강일리버파크11단지,23,29.96,,,689,10
256,11740,,2025-12-08,2015,신규,26.01~28.03,강일동,"5,976",강일리버파크11단지,23,29.96,,,689,5
257,11740,,2025-12-08,2009,갱신,26.01~27.12,강일동,"7,303",강일리버파크3단지,0,39.9,"7,144",,674,9
258,11740,,2025-12-08,2015,신규,26.01~28.03,강일동,"5,644",강일리버파크11단지,22,29.96,,,689,3
259,11740,사용,2025-12-08,1992,갱신,25.12~26.09,명일동,"45,000",삼환,0,84.93,"44,000",,47,4
260,11740,,2025-12-08,1985,신규,25.12~27.12,천호동,"40,000",우성,0,84.93,,,19-1,12
261,11740,,2025-12-08,1983,갱신,26.02~28.02,명일동,"41,000",삼익그린2차,0,54.81,"36,000",,15,9
262,11740,,2025-12-08,2015,신규,26.01~28.03,강일동,"5,976",강일리버파크11단지,23,29.96,,,689,6
263,11740,,2025-12-08,2021,신규,26.01~28.01,상일동,"73,000",고덕자이,0,59.7084,,,521,3
264,11740,,2025-12-08,2002,갱신,25.12~27.12,명일동,"45,800",형인허브빌,50,83.02,"43,000",50,354,6
265,11740,,2025-12-08,2019,신규,26.01~28.03,상일동,"14,000",고덕롯데캐슬베네루체,55,59.984,,,514,12
266,11740,,2025-12-08,2000,신규,26.02~28.02,암사동,"58,000",선사현대아파트,0,59.64,,,509,13
267,11740,사용,2025-12-08,1999,갱신,26.03~28.03,길동,"33,000",신동아4,0,42.44,"31,500",,92,10
268,11740,,2025-12-08,2013,신규,26.01~27.01,길동,"1,000",강동큐브,58,12.49,,,456-3,11
269,11740,,2025-12-08,1983,신규,26.02~28.02,명일동,"61,000",삼익그린2차,0,84.755,,,15,4
270,11740,,2025-12-08,2015,신규,26.01~28.03,강일동,"5,976",강일리버파크11단지,23,29.96,,,689,8
271,11740,,2025-12-08,2011,신규,26.03~28.03,고덕동,"75,000",고덕 아이파크,0,59.99,,,499,7
272,11740,,2025-12-08,2015,신규,26.01~28.03,강일동,"2,988",강일리버파크11단지,29,29.96,,,689,8
273,11740,,2025-12-08,2000,갱신,26.01~27.04,암사동,"28,000",선사현대아파트,130,72.85,"28,000",90,509,17
274,11740,,2025-12-08,2019,신규,26.01~28.03,상일동,"14,000",고덕롯데캐슬베네루체,55,59.984,,,514,12
275,11740,,2025-12-08,2020,신규,26.03~28.03,상일동,"78,000",고덕아르테온,0,59.83,,,519,5
276,11740,,2025-12-09,2019,신규,26.02~28.02,고덕동,"74,500",고덕그라시움,0,59.785,,,693,5
277,11740,,2025-12-09,2019,갱신,25.12~27.12,성내동,"17,890",SM엘루이,3,14.83,"17,890",,379-17,7
278,11740,,2025-12-09,2003,신규,26.02~28.02,길동,"42,000",광남캐스빌610V,30,84.88,,,410-3,7
279,11740,,2025-12-09,2009,갱신,26.01~27.12,강일동,"7,303",강일리버파크3단지,0,39.9,"7,144",,674,3
280,11740,,2025-12-09,2019,갱신,25.12~27.12,고덕동,"70,000",고덕그라시움,0,59.785,"58,000",,693,10
281,11740,,2025-12-09,2008,갱신,26.01~27.01,암사동,"47,250",롯데캐슬퍼스트,9,59.99,"47,250",,414-2,23
282,11740,,2025-12-09,2020,신규,26.02~28.02,상일동,"95,000",고덕아르테온,0,84.94,,,519,24
283,11740,,2025-12-09,2010,신규,25.12~27.12,둔촌동,"77,000",둔촌푸르지오,0,84.92,,,630,7
284,11740,,2025-12-09,2021,신규,26.01~28.01,상일동,"20,000",고덕자이,260,74.3069,,,521,5
285,11740,,2025-12-09,2008,갱신,26.02~28.02,암사동,"72,000",롯데캐슬퍼스트,0,59.99,"58,000",,414-2,5
286,11740,,2025-12-09,2020,신규,26.02~28.02,상일동,"50,000",고덕아르테온,100,59.98,,,519,10
287,11740,,2025-12-09,2007,신규,26.03~28.03,암사동,"70,000",프라이어팰리스,0,59.983,,,413,9
288,11740,사용,2025-12-09,2008,갱신,26.02~28.02,암사동,"94,000",롯데캐슬퍼스트,0,111.22,"90,000",,414-2,7
289,11740,,2025-12-09,1998,신규,25.12~27.12,천호동,"40,000",성원아파트,0,60,,,564,5
290,11740,,2025-12-09,2020,갱신,26.03~28.03,상일동,"40,000",고덕아르테온,150,59.98,"20,000",140,519,8
291,11740,사용,2025-12-09,2010,갱신,25.12~27.12,천호동,"43,000",썬팰리스아파트,0,84.31,"41,000",,28-32,6
292,11740,,2025-12-09,2022,신규,25.12~28.03,길동,100,거산유팰리스2차,40,21.46,,,414-9,6
293,11740,,2025-12-09,2022,신규,25.12~28.03,길동,100,거산유팰리스2차,63,33.18,,,414-9,15
294,11740,,2025-12-09,2022,신규,25.12~28.03,길동,100,거산유팰리스2차,60,34.32,,,414-9,6
295,11740,,2025-12-09,2022,신규,25.12~28.03,길동,100,거산유팰리스2차,61,34.32,,,414-9,11
296,11740,,2025-12-09,2025,신규,26.02~28.02,성내동,"40,000",그란츠리버파크,120,59.9759,,,611,4
297,11740,,2025-12-09,2015,신규,26.01~28.03,강일동,"5,976",강일리버파크11단지,23,29.96,,,689,2
298,11740,,2025-12-09,2022,신규,25.12~28.03,길동,100,거산유팰리스2차,41,21.46,,,414-9,11
299,11740,사용,2025-12-09,2020,갱신,26.02~28.02,상일동,"65,100",고덕아르테온,0,59.98,"62,000",,519,21
300,11740,,2025-12-09,2007,신규,26.02~27.11,천호동,"70,000",강동상떼빌,0,119.7,,,450,15
301,11740,,2025-12-09,2022,신규,25.12~28.03,길동,100,거산유팰리스2차,60,34.32,,,414-9,6
302,11740,,2025-12-09,2022,신규,25.12~28.03,길동,100,거산유팰리스2차,40,21.46,,,414-9,5
303,11740,,2025-12-09,2000,신규,26.03~28.03,암사동,"58,000",선사현대아파트,0,59.64,,,509,18
304,11740,,2025-12-09,2019,신규,26.02~28.02,상일동,"10,000",고덕센트럴IPARK,300,74.99,,,513,15
305,11740,,2025-12-09,2022,신규,25.12~28.03,길동,100,거산유팰리스2차,59,34.32,,,414-9,4
306,11740,,2025-12-09,2022,신규,25.12~28.03,길동,100,거산유팰리스2차,41,21.46,,,414-9,14
307,11740,,2025-12-09,2020,신규,26.02~28.02,상일동,"50,000",고덕아르테온,110,59.98,,,519,10
308,11740,,2025-12-09,1985,신규,26.02~28.02,명일동,"39,690",고덕주공9,0,83.34,,,257,9
309,11740,,2025-12-09,2021,갱신,26.01~27.12,강일동,"33,075",강동리버스트7단지,0,59.95,"31,500",,91,11
310,11740,,2025-12-09,2016,신규,26.02~28.02,고덕동,"40,000",래미안힐스테이트고덕,200,84.9,,,688,11
311,11740,,2025-12-09,2022,신규,25.12~28.03,길동,100,거산유팰리스2차,40,21.46,,,414-9,7
312,11740,,2025-12-09,2022,신규,25.12~28.03,길동,100,거산유팰리스2차,59,34.32,,,414-9,4
313,11740,,2025-12-09,2022,신규,25.12~28.03,길동,100,거산유팰리스2차,40,21.46,,,414-9,4
314,11740,,2025-12-09,2015,신규,26.01~28.03,강일동,"5,976",강일리버파크11단지,23,29.96,,,689,8
315,11740,,2025-12-10,2000,신규,26.01~28.01,암사동,"5,000",선사현대아파트,190,59.64,,,509,15
316,11740,,2025-12-10,2004,신규,26.02~28.02,천호동,"30,000",한건브리앙아파트,50,63.21,,,338-20,5
317,11740,,2025-12-10,2019,갱신,26.01~27.12,암사동,"45,937",힐스테이트 강동 리버뷰,0,84.9628,"43,750",,675,5
318,11740,,2025-12-10,2019,신규,26.02~28.02,상일동,"80,000",고덕롯데캐슬베네루체,0,84.923,,,514,13
319,11740,,2025-12-10,2019,신규,26.01~28.01,상일동,"50,000",고덕롯데캐슬베네루체,75,59.981,,,514,7
320,11740,,2025-12-10,2024,신규,26.01~28.01,길동,"10,600",길동생활A,63,36.49,,,367-1,11
321,11740,,2025-12-10,2019,신규,26.02~28.02,고덕동,"20,000",고덕그라시움,260,59.785,,,693,20
322,11740,,2025-12-10,2019,갱신,26.01~27.12,고덕동,"18,614",고덕그라시움,27,59.052,"17,938",,693,4
323,11740,,2025-12-10,2021,갱신,26.01~27.12,강일동,"33,075",강동리버스트6단지,0,59.97,"31,500",,215,2
324,11740,,2025-12-10,2019,갱신,26.01~27.12,고덕동,"20,035",고덕그라시움,31,59.052,"17,938",,693,1
325,11740,,2025-12-10,1984,신규,26.02~28.02,명일동,"43,000",삼익가든,0,66.87,,,270,1
326,11740,,2025-12-10,2020,신규,26.01~28.01,천호동,"19,500",미사아름채아파트,13,12.995,,,452-15,12
327,11740,,2025-12-10,2014,신규,26.01~28.01,길동,"7,500",강동와이시티,23,13.97,,,414-4,17
328,11740,,2025-12-10,1996,갱신,25.12~27.12,천호동,"37,000",우정아파트,0,59.95,"36,000",,46-5,6
329,11740,,2025-12-10,2017,신규,26.01~28.01,성내동,"1,000",건영아모리움,59,11.9815,,,244-6,9
330,11740,,2025-12-10,2021,신규,26.02~28.02,상일동,"79,000",고덕자이,0,74.823,,,521,11
331,11740,,2025-12-10,2016,신규,26.01~28.12,고덕동,"50,000",래미안힐스테이트고덕,160,84.83,,,688,6
332,11740,,2025-12-10,2019,갱신,26.01~27.12,고덕동,"7,673",고덕그라시움,66,59.028,"7,030",,693,15
333,11740,,2025-12-10,1994,신규,25.12~27.12,길동,"10,000",길동우성,50,40.36,,,400,8
334,11740,,2025-12-10,2019,갱신,26.01~27.12,고덕동,"19,066",고덕그라시움,24,59.785,"18,158",,693,7
335,11740,사용,2025-12-10,2011,갱신,25.12~27.12,강일동,"57,750",고덕리엔파크1단지,0,84.87,"55,000",,707,15
336,11740,,2025-12-10,2019,신규,26.01~27.12,고덕동,"19,066",고덕그라시움,24,59.028,,,693,7
337,11740,,2025-12-10,2019,갱신,26.01~27.12,고덕동,"18,834",고덕그라시움,25,59.508,"18,158",,693,1
338,11740,,2025-12-10,2019,갱신,26.01~27.12,고덕동,"17,688",고덕그라시움,25,59.028,"17,045",,693,4
339,11740,,2025-12-10,2019,갱신,26.01~27.12,고덕동,"18,614",고덕그라시움,27,59.028,"17,938",,693,6
340,11740,,2025-12-10,1995,갱신,25.12~27.12,고덕동,"66,000",배재현대,0,84.9,"63,000",,312,18
341,11740,,2025-12-10,2019,갱신,26.01~27.12,고덕동,"18,614",고덕그라시움,27,59.785,"17,938",,693,4
342,11740,,2025-12-10,2019,갱신,26.01~27.12,고덕동,"18,554",고덕그라시움,27,59.028,"17,878",,693,5
343,11740,,2025-12-10,2002,갱신,26.02~28.02,성내동,"65,000",올림픽파크플러스,60,145.43,"65,000",45,448-18,6
344,11740,,2025-12-10,2019,갱신,26.01~27.12,고덕동,"12,031",고덕그라시움,76,59.785,"11,152",,693,4
345,11740,,2025-12-10,2019,갱신,26.01~27.12,상일동,"20,476",고덕롯데캐슬베네루체,29,59.984,"22,800",,514,16
346,11740,,2025-12-10,2019,갱신,26.01~27.12,고덕동,"18,614",고덕그라시움,27,59.785,"17,938",,693,8
347,11740,,2025-12-10,2019,갱신,26.01~27.12,고덕동,"7,381",고덕그라시움,59,59.028,"6,738",,693,12
348,11740,,2025-12-10,2021,갱신,26.01~27.12,강일동,"33,075",강동리버스트6단지,0,59.97,"31,500",,215,3
349,11740,,2025-12-10,2019,갱신,26.01~27.12,고덕동,"18,614",고덕그라시움,27,59.028,"17,938",,693,16
350,11740,,2025-12-10,2019,갱신,26.01~27.12,고덕동,"18,614",고덕그라시움,27,59.052,"17,938",,693,7
351,11740,,2025-12-10,2021,갱신,26.01~27.12,강일동,"33,075",강동리버스트6단지,0,59.97,"31,500",,215,7
352,11740,,2025-12-10,2019,갱신,26.01~27.12,고덕동,"18,614",고덕그라시움,27,59.785,"17,938",,693,5
353,11740,,2025-12-10,2019,갱신,26.01~27.12,고덕동,"18,834",고덕그라시움,25,59.785,"18,158",,693,5
354,11740,,2025-12-10,2019,갱신,26.01~27.12,고덕동,"18,834",고덕그라시움,25,59.785,"18,158",,693,9
355,11740,,2025-12-10,2019,갱신,26.01~27.12,고덕동,"18,834",고덕그라시움,25,59.785,"18,158",,693,2
356,11740,,2025-12-10,2019,갱신,26.01~27.12,고덕동,"18,834",고덕그라시움,25,59.785,"18,158",,693,2
357,11740,,2025-12-10,2019,갱신,26.01~27.12,고덕동,"17,688",고덕그라시움,25,59.785,"17,045",,693,6
358,11740,,2025-12-10,2019,갱신,26.01~27.12,고덕동,"18,834",고덕그라시움,25,59.028,"18,158",,693,6
359,11740,,2025-12-10,2019,갱신,26.01~27.12,고덕동,"18,614",고덕그라시움,27,59.052,"17,938",,693,5
360,11740,,2025-12-10,2019,갱신,26.01~27.12,고덕동,"18,834",고덕그라시움,25,59.028,"18,158",,693,7
361,11740,,2025-12-10,2019,갱신,26.01~27.12,고덕동,"21,676",고덕그라시움,35,59.028,"20,865",,693,7
362,11740,,2025-12-10,2021,갱신,26.01~27.12,강일동,"33,075",강동리버스트6단지,0,59.97,"31,500",,215,4
363,11740,,2025-12-10,2019,갱신,26.01~27.12,고덕동,"18,614",고덕그라시움,27,59.785,"17,938",,693,5
364,11740,,2025-12-10,2020,신규,26.01~28.01,천호동,"20,000",미사아름채아파트,10,12.995,,,452-15,12
365,11740,,2025-12-10,2019,갱신,26.02~28.02,명일동,"75,000",래미안솔베뉴,0,59.11,"66,000",,359,26
366,11740,사용,2025-12-10,2017,갱신,26.02~28.01,천호동,"78,750",래미안강동팰리스,0,84.97,"75,000",,571,4
367,11740,,2025-12-10,2019,갱신,26.01~27.12,고덕동,"7,445",고덕그라시움,63,59.785,"6,769",,693,1
368,11740,,2025-12-10,2019,갱신,26.01~27.12,고덕동,"18,614",고덕그라시움,27,59.785,"17,938",,693,6
369,11740,,2025-12-10,1983,갱신,25.12~27.12,명일동,"10,000",삼익그린2차,100,54.81,"10,000",84,15,5
370,11740,,2025-12-10,2019,갱신,26.01~27.12,고덕동,"18,614",고덕그라시움,27,59.785,"17,938",,693,6
371,11740,,2025-12-10,2019,갱신,26.01~27.12,고덕동,"18,614",고덕그라시움,27,59.028,"17,938",,693,8
372,11740,,2025-12-10,1992,신규,26.03~28.03,상일동,"48,000",중앙하이츠,0,59.94,,,476,13
373,11740,,2025-12-10,2019,갱신,26.01~28.01,고덕동,"30,000",고덕그라시움,275,84.24,"30,000",200,693,12
374,11740,,2025-12-10,2019,갱신,26.01~27.12,고덕동,"18,834",고덕그라시움,25,59.785,"18,158",,693,1
375,11740,,2025-12-10,2019,갱신,26.01~27.12,고덕동,"17,688",고덕그라시움,25,59.785,"17,045",,693,3
376,11740,,2025-12-11,2000,신규,25.12~27.12,천호동,"44,000",고려아파트(B동),0,73.19,,,22-23,5
377,11740,,2025-12-11,2001,신규,25.12~26.12,성내동,"50,000",동남1,0,84.59,,,446-11,1
378,11740,사용,2025-12-11,1986,갱신,26.01~28.01,명일동,"49,000",명일우성,0,84.93,"47,000",,42,1
379,11740,,2025-12-11,2019,갱신,26.01~27.12,고덕동,"18,834",고덕그라시움,25,59.052,"18,158",,693,4
380,11740,,2025-12-11,2018,신규,26.02~28.02,길동,"19,600",다성이즈빌,7,20.85,,,456-4,13
381,11740,,2025-12-11,2019,갱신,26.01~27.12,고덕동,"18,834",고덕그라시움,25,59.028,"18,158",,693,5
382,11740,,2025-12-11,2019,갱신,26.01~27.12,고덕동,"18,614",고덕그라시움,27,59.785,"17,938",,693,4
383,11740,,2025-12-11,2020,신규,26.02~28.02,상일동,"20,000",고덕아르테온,290,84.97,,,519,9
384,11740,사용,2025-12-11,2019,갱신,26.01~28.01,상일동,"58,200",고덕센트럴IPARK,0,84.91,"55,500",,513,10
385,11740,사용,2025-12-11,2010,갱신,25.12~27.12,둔촌동,"68,000",둔촌푸르지오,0,84.92,"65,000",,630,20
386,11740,사용,2025-12-11,2019,갱신,26.02~28.02,고덕동,"70,000",고덕그라시움,0,59.028,"67,000",,693,5
387,11740,,2025-12-11,2021,갱신,26.01~27.12,강일동,"27,011",강동리버스트6단지,0,59.97,"25,725",,215,9
388,11740,,2025-12-11,2019,갱신,26.01~27.12,고덕동,"18,614",고덕그라시움,27,59.028,"17,938",,693,3
389,11740,,2025-12-11,2019,갱신,26.01~27.12,고덕동,"18,614",고덕그라시움,27,59.028,"17,938",,693,7
390,11740,,2025-12-11,2019,갱신,26.01~27.12,고덕동,"18,614",고덕그라시움,27,59.028,"17,938",,693,5
391,11740,,2025-12-11,2019,갱신,26.01~27.12,암사동,"36,750",힐스테이트 강동 리버뷰,0,59.9958,"35,000",,675,3
392,11740,사용,2025-12-11,2021,갱신,26.02~28.02,천호동,"8,379",천호역한강청년주택,52,32.72,"8,379",49,458-3,11
393,11740,사용,2025-12-11,2019,갱신,26.01~28.01,고덕동,"68,250",고덕그라시움,0,59.785,"65,000",,693,4
394,11740,,2025-12-11,2019,갱신,26.01~27.12,고덕동,"19,066",고덕그라시움,24,59.785,"18,158",,693,3
395,11740,,2025-12-11,2019,갱신,26.01~27.12,고덕동,"18,116",고덕그라시움,23,59.028,"17,255",,693,6
396,11740,,2025-12-11,2020,갱신,26.03~27.03,상일동,"5,000",고덕아르테온,146,59.98,"5,000",139,519,10
397,11740,사용,2025-12-11,2019,갱신,25.12~27.12,고덕동,"64,000",고덕그라시움,0,59.785,"61,000",,693,11
398,11740,사용,2025-12-11,2010,갱신,26.02~28.02,둔촌동,"54,600",둔촌푸르지오,0,59.98,"52,000",,630,6
399,11740,,2025-12-11,2019,신규,26.01~28.01,길동,"17,000",경지Arium,25,13.98,,,413-11,12
400,11740,,2025-12-11,2009,갱신,26.01~27.12,강일동,"7,303",강일리버파크7단지,0,39.9,"7,144",,686,13
401,11740,,2025-12-11,2019,갱신,26.01~27.12,암사동,"36,750",힐스테이트 강동 리버뷰,0,59.9958,"35,000",,675,11
402,11740,,2025-12-11,2019,갱신,26.01~27.12,고덕동,"18,834",고덕그라시움,25,59.785,"18,158",,693,6
403,11740,,2025-12-11,2019,갱신,26.01~27.12,고덕동,"18,834",고덕그라시움,25,59.785,"18,158",,693,6
404,11740,사용,2025-12-11,2019,갱신,26.02~28.02,상일동,"64,000",고덕롯데캐슬베네루체,0,59.981,"61,000",,514,8
405,11740,,2025-12-12,1988,신규,26.03~28.03,명일동,"20,000",현대(명일),100,57.09,,,251-1,13
406,11740,,2025-12-12,1994,갱신,25.12~27.12,길동,"20,000",길동우성,110,84.75,"20,000",100,400,11
407,11740,,2025-12-12,2019,갱신,26.01~27.12,고덕동,"18,614",고덕그라시움,27,59.785,"17,938",,693,2
408,11740,,2025-12-12,2020,신규,26.02~28.02,강일동,"52,000",강동리버스트4단지,0,49.82,,,114,8
409,11740,,2025-12-12,2019,갱신,26.02~28.02,고덕동,"95,000",고덕그라시움,0,84.244,"78,700",,693,10
410,11740,,2025-12-12,1995,신규,26.01~28.01,고덕동,"56,000",배재현대,0,59.94,,,312,17
411,11740,,2025-12-12,1999,신규,26.02~28.02,성내동,"67,000",코오롱(1차),0,84.69,,,196-8,3
412,11740,,2025-12-12,2019,갱신,26.01~28.01,고덕동,"68,900",고덕그라시움,0,59.785,"59,000",,693,1
413,11740,,2025-12-12,2017,신규,26.01~28.01,천호동,"27,000",현진리버파크,0,23.26,,,467-11,3
414,11740,,2025-12-12,1988,신규,26.02~28.02,둔촌동,"15,000",현대2,140,69.17,,,70-5,1
415,11740,,2025-12-12,2008,갱신,26.03~28.03,암사동,"13,000",롯데캐슬퍼스트,295,102.34,"13,000",230,414-2,19
416,11740,사용,2025-12-12,2020,갱신,26.03~28.03,상일동,"57,750",고덕아르테온,0,59.98,"55,000",,519,13
417,11740,사용,2025-12-12,1986,갱신,26.02~28.02,명일동,"75,000",신동아,0,127.33,"75,000",,44,10
418,11740,,2025-12-12,2000,갱신,25.12~27.12,암사동,"75,000",선사현대아파트,0,82.94,"55,000",40,509,14
419,11740,,2025-12-12,2019,갱신,26.01~27.12,고덕동,"18,614",고덕그라시움,27,59.508,"17,938",,693,5
420,11740,,2025-12-12,1983,갱신,26.01~28.01,명일동,"41,800",삼익그린2차,0,66.87,"39,900",,15,14
421,11740,사용,2025-12-12,2000,갱신,25.12~27.12,암사동,"51,450",선사현대아파트,0,59.64,"49,000",,509,18
422,11740,,2025-12-12,2023,신규,26.01~28.01,성내동,"11,970",천호역효성해링턴타워,67,35.63,,,609,19
423,11740,,2025-12-12,2021,갱신,26.01~28.01,상일동,"55,000",강동리엔파크14단지,0,59.94,"23,000",110,28,7
424,11740,,2025-12-12,1992,신규,26.02~28.02,상일동,"48,000",중앙하이츠,0,59.94,,,476,8
425,11740,,2025-12-12,2019,갱신,25.12~27.12,고덕동,"90,000",고덕그라시움,0,84.3,"90,000",,693,6
426,11740,,2025-12-12,2019,갱신,26.01~27.12,상일동,"7,700",고덕롯데캐슬베네루체,72,59.984,"7,000",,514,9
427,11740,,2025-12-12,2001,신규,26.02~28.02,명일동,"42,000",중앙,40,84.86,,,326-9,2
428,11740,,2025-12-12,2019,갱신,26.01~28.01,상일동,"51,000",고덕센트럴IPARK,100,84.91,"51,000",,513,10
429,11740,,2025-12-12,1999,갱신,25.12~26.09,길동,"27,300",신동아4,0,42.44,"27,300",,92,5
430,11740,,2025-12-12,2021,신규,26.03~28.03,강일동,"62,000",강동리버스트8단지,0,59.97,,,66,21
431,11740,,2025-12-12,1995,신규,26.02~28.02,둔촌동,"54,000",성원,0,77.13,,,613,3
432,11740,,2025-12-12,2004,갱신,26.02~27.02,암사동,"54,000",현대홈타운,0,59.97,"54,000",,400,5
433,11740,,2025-12-12,1987,신규,26.03~28.03,성내동,"12,000",현대,100,59.36,,,30-2,9
434,11740,,2025-12-13,2011,신규,26.02~28.02,고덕동,"20,000",고덕 아이파크,200,59.99,,,499,9
435,11740,,2025-12-13,1999,,,천호동,"25,000",천호태영아파트,110,59.63,,,566,12
436,11740,,2025-12-13,2017,신규,26.02~28.02,천호동,"30,000",래미안강동팰리스,215,84.97,,,571,5
437,11740,,2025-12-13,2011,갱신,25.12~27.12,고덕동,"60,000",고덕 아이파크,132,115.45,"60,000",115,499,6
438,11740,사용,2025-12-13,1983,갱신,26.02~28.02,명일동,"5,000",삼익그린2차,106,54.81,"5,000",100,15,3
439,11740,사용,2025-12-13,2007,갱신,26.01~28.01,암사동,"58,800",프라이어팰리스,0,59.983,"56,000",,413,6
440,11740,,2025-12-13,2020,신규,26.02~28.02,상일동,"95,000",고덕아르테온,0,84.97,,,519,15
441,11740,,2025-12-13,2019,신규,26.02~28.02,상일동,"57,000",고덕롯데캐슬베네루체,50,59.981,,,514,10
442,11740,,2025-12-13,2020,신규,26.02~28.02,상일동,"65,000",고덕아르테온,50,59.83,,,519,10
443,11740,사용,2025-12-13,2007,갱신,26.01~28.01,암사동,"58,800",프라이어팰리스,0,59.983,"56,000",,413,6
444,11740,,2025-12-13,2019,갱신,26.01~27.12,고덕동,"18,834",고덕그라시움,25,59.785,"18,158",,693,10
445,11740,,2025-12-13,2000,신규,26.02~28.02,암사동,"20,000",선사현대아파트,140,59.64,,,509,25
446,11740,,2025-12-13,2013,신규,26.01~28.01,길동,"10,000",청광플러스원큐브2차,5,14.495,,,457,19
447,11740,,2025-12-13,2013,신규,26.01~27.01,길동,"1,000",강동큐브(2차),60,15.12,,,415-13,6
448,11740,,2025-12-13,1988,신규,26.01~28.01,명일동,"25,000",현대(명일),80,57.09,,,251-1,2
449,11740,사용,2025-12-13,2016,갱신,26.05~28.05,고덕동,"81,900",래미안힐스테이트고덕,0,84.9,"78,000",,688,14
450,11740,,2025-12-13,2019,갱신,26.01~28.01,상일동,"72,000",고덕센트럴IPARK,0,59.97,"60,000",,513,15
451,11740,,2025-12-13,2019,신규,26.02~28.02,상일동,"15,000",고덕롯데캐슬베네루체,210,59.981,,,514,12
452,11740,,2025-12-13,2020,신규,26.02~28.02,상일동,"60,000",고덕아르테온,120,84.97,,,519,8
453,11740,,2025-12-13,2021,갱신,26.01~28.01,길동,"18,450",다성이즈빌,0,14.07,"20,500",,416-17,6
454,11740,,2025-12-13,2019,갱신,26.01~28.01,고덕동,"88,000",고덕그라시움,0,84.046,"80,000",,693,11
455,11740,,2025-12-13,2019,갱신,26.02~28.02,상일동,"85,000",고덕롯데캐슬베네루체,0,84.146,"71,500",,514,10
456,11740,,2025-12-13,1999,신규,26.01~28.01,성내동,"25,000",둔촌역청구,100,59.87,,,419-1,18
457,11740,,2025-12-13,2008,갱신,26.01~28.01,암사동,"76,000",롯데캐슬퍼스트,0,84.81,"59,850",,414-2,28
458,11740,,2025-12-13,2023,신규,26.02~28.02,강일동,"70,000",힐스테이트리슈빌강일,0,84.8942,,,72,5
459,11740,,2025-12-13,1984,신규,26.02~28.02,둔촌동,"40,000",더샵둔촌포레,210,93.8499,,,30-4,6
460,11740,,2025-12-13,2021,신규,26.01~28.01,길동,"18,450",다성이즈빌,0,14.07,,,416-17,8
461,11740,사용,2025-12-13,1992,갱신,26.02~28.02,명일동,"57,750",삼환,0,84.93,"55,000",,47,2
462,11740,,2025-12-13,2023,신규,26.01~28.01,강일동,"79,000",힐스테이트리슈빌강일,0,101.7074,,,72,10
463,11740,,2025-12-13,2005,갱신,25.12~27.12,둔촌동,"55,000",세양청마루,0,84.08,"55,000",,426,8
464,11740,,2025-12-13,2000,신규,26.03~28.03,암사동,"35,000",선사현대아파트,120,83.79,,,509,7
465,11740,사용,2025-12-13,1992,갱신,26.01~28.01,명일동,"46,200",삼환,0,84.93,"44,000",,47,1
466,11740,사용,2025-12-13,2020,갱신,26.01~28.01,상일동,"69,300",고덕아르테온,0,59.98,"66,000",,519,11
467,11740,,2025-12-13,2000,신규,26.03~28.03,암사동,"55,000",선사현대아파트,0,59.64,,,509,8
468,11740,,2025-12-13,2019,신규,26.02~28.02,상일동,"57,000",고덕롯데캐슬베네루체,50,59.981,,,514,10
469,11740,,2025-12-13,2020,신규,26.02~28.02,상일동,"15,000",고덕아르테온,243,84.97,,,519,9
470,11740,,2025-12-13,2024,신규,26.02~28.02,길동,"79,000",강동헤리티지자이,0,59.98,,,483,24
471,11740,사용,2025-12-13,2018,갱신,26.02~28.02,상일동,"52,500",고덕숲아이파크,11,59.97,"50,000",10,515,6
472,11740,,2025-12-13,2009,갱신,26.02~28.02,강일동,"45,000",강일리버파크2단지,0,84.53,"42,900",,668,4
473,11740,사용,2025-12-13,2020,갱신,26.01~28.01,상일동,"66,000",고덕아르테온,0,59.96,"63,000",,519,4
474,11740,,2025-12-13,2009,신규,26.02~28.02,강일동,"69,000",강일리버파크3단지,0,84.74,,,674,5
475,11740,,2025-12-13,2019,신규,26.01~28.01,고덕동,"95,000",고덕그라시움,0,84.244,,,693,19
476,11740,,2025-12-13,1994,신규,26.02~28.02,길동,"5,000",길동우성,130,57.1,,,400,2
477,11740,사용,2025-12-13,2020,갱신,25.12~27.12,강일동,"38,850",강동리버스트4단지,0,49.82,"37,000",,114,21
478,11740,,2025-12-13,2019,신규,26.02~28.02,상일동,"80,000",고덕센트럴IPARK,0,84.97,,,513,1
479,11740,,2025-12-13,2019,갱신,25.12~27.12,고덕동,"20,000",고덕그라시움,240,73.873,"20,000",200,693,10
480,11740,,2025-12-13,1984,신규,26.01~28.01,명일동,"43,000",삼익가든,0,66.87,,,270,9
481,11740,,2025-12-13,2006,신규,26.03~28.03,길동,"59,000",강동역에스케이허브,0,84.81,,,445-1,19
482,11740,,2025-12-13,2021,신규,26.02~28.02,상일동,"60,000",고덕자이,100,84.445,,,521,1
483,11740,사용,2025-12-13,2021,갱신,26.02~28.02,상일동,"73,500",고덕자이,0,84.445,"70,000",,521,17
484,11740,,2025-12-13,1999,신규,26.02~28.02,천호동,"25,000",천호태영아파트,110,59.63,,,566,12
485,11740,,2025-12-13,2003,갱신,25.12~27.12,둔촌동,"51,000",한솔솔파크,0,84.49,"48,000",,611,8
486,11740,사용,2025-12-13,2019,갱신,26.01~28.01,상일동,"72,400",고덕센트럴IPARK,0,84.91,"69,000",,513,19
487,11740,,2025-12-13,2016,갱신,26.01~28.08,고덕동,"84,000",래미안힐스테이트고덕,0,84.9,"80,000",,688,8
488,11740,,2025-12-13,1983,신규,26.02~28.02,명일동,"10,000",삼익그린2차,150,66.87,,,15,15
489,11740,사용,2025-12-13,1986,갱신,25.12~27.12,명일동,"69,000",한양,0,119.37,"67,000",,54,8
490,11740,,2025-12-13,2020,신규,26.01~28.01,고덕동,"75,000",고덕센트럴푸르지오,0,59.14,,,210-1,27
491,11740,사용,2025-12-13,2016,갱신,26.02~28.02,고덕동,"78,750",래미안힐스테이트고덕,0,84.88,"75,000",,688,16
492,11740,,2025-12-14,2019,신규,26.02~28.02,상일동,"82,000",고덕롯데캐슬베네루체,0,84.923,,,514,13
493,11740,,2025-12-14,2019,갱신,26.01~27.12,고덕동,"18,614",고덕그라시움,27,59.785,"17,938",,693,8
494,11740,사용,2025-12-14,2019,갱신,26.02~28.02,상일동,"75,000",고덕롯데캐슬베네루체,14,84.923,"75,000",,514,17
495,11740,,2025-12-14,2019,갱신,26.01~27.12,고덕동,"18,614",고덕그라시움,27,59.785,"17,938",,693,5
496,11740,사용,2025-12-14,2020,갱신,26.03~28.03,상일동,"25,000",고덕아르테온,120,59.98,"25,000",110,519,11
497,11740,,2025-12-14,1998,신규,26.03~28.03,둔촌동,"75,000",신성둔촌미소지움1,0,84.86,,,546,2
498,11740,,2025-12-14,2019,갱신,26.01~27.12,고덕동,"14,214",고덕그라시움,49,59.028,"13,538",,693,4
499,11740,사용,2025-12-14,2019,갱신,26.02~28.02,고덕동,"63,000",고덕그라시움,0,59.508,"60,000",,693,12
500,11740,,2025-12-15,2019,신규,25.12~27.08,고덕동,"95,000",고덕그라시움,0,84.24,,,693,3
501,11740,,2025-12-15,2009,신규,25.12~28.03,강일동,"44,382",강일리버파크9단지,0,84.83,,,699,8
502,11740,,2025-12-15,2021,갱신,26.02~28.02,천호동,"7,068",천호역한강청년주택,41,25.98,"7,068",39,458-3,11
503,11740,,2025-12-15,2019,신규,26.02~28.02,고덕동,"50,000",고덕그라시움,130,59.785,,,693,12
504,11740,사용,2025-12-15,2009,갱신,26.01~28.01,강일동,"45,000",강일리버파크3단지,0,59.88,"45,000",,674,7
505,11740,,2025-12-15,1985,신규,26.01~28.01,명일동,"52,000",고덕주공9,0,83.52,,,257,1
506,11740,,2025-12-15,2023,신규,26.01~28.01,성내동,"11,570",천호역효성해링턴타워,66,33.28,,,609,5
507,11740,사용,2025-12-15,2019,갱신,25.12~27.12,고덕동,"55,000",고덕그라시움,195,97.801,"55,000",185,693,18
508,11740,,2025-12-15,2009,갱신,26.01~27.12,강일동,"7,303",강일리버파크3단지,0,39.9,"7,144",,674,8
509,11740,,2025-12-15,2012,신규,26.02~28.02,성내동,"8,200",아이퍼스트빌,35,15.94,,,199-18,7
510,11740,,2025-12-15,2019,갱신,26.01~27.12,고덕동,"18,614",고덕그라시움,27,59.785,"17,938",,693,2
511,11740,사용,2025-12-15,2023,갱신,26.02~28.02,강일동,"55,650",힐스테이트리슈빌강일,0,84.8935,"53,000",,72,7
512,11740,,2025-12-15,2019,신규,26.02~28.02,성내동,"29,760",SM엘루이,6,28.45,,,379-17,4
513,11740,사용,2025-12-15,2019,갱신,26.01~28.01,고덕동,"73,500",고덕그라시움,0,73.566,"70,000",,693,5
514,11740,,2025-12-15,2009,신규,25.12~28.03,강일동,"44,382",강일리버파크10단지,0,84.53,,,695,11
515,11740,,2025-12-15,2004,신규,26.03~28.03,길동,"35,000",메트로아파트,90,84.75,,,388-5,6
516,11740,,2025-12-15,2019,갱신,26.01~27.12,고덕동,"13,508",고덕그라시움,46,59.508,"12,865",44,693,1
517,11740,사용,2025-12-15,1992,갱신,26.02~28.02,명일동,"25,000",삼환,125,84.93,"25,000",95,47,1
518,11740,,2025-12-15,2019,갱신,26.01~27.12,고덕동,"18,834",고덕그라시움,25,59.785,"18,158",,693,2
519,11740,사용,2025-12-15,2011,갱신,26.01~28.01,고덕동,"89,000",고덕 아이파크,0,114.98,"85,000",,499,6
520,11740,,2025-12-15,2020,신규,26.02~28.02,성내동,"31,300",집앤사비카,20,26.69,,,419,10
521,11740,,2025-12-15,2018,신규,26.01~28.01,길동,"16,500",다성이즈빌(387-4),0,14.45,,,387-4,8
522,11740,,2025-12-15,2009,갱신,26.01~27.12,강일동,"7,303",강일리버파크3단지,0,39.87,"7,144",,674,8
523,11740,,2025-12-15,2019,갱신,26.01~28.01,고덕동,"118,000",고덕그라시움,0,97.784,"103,000",,693,26
524,11740,,2025-12-15,2019,갱신,26.01~27.12,고덕동,"18,614",고덕그라시움,27,59.028,"17,938",,693,11
525,11740,사용,2025-12-15,2023,갱신,26.02~28.02,강일동,"54,000",힐스테이트리슈빌강일,10,84.8942,"54,000",,72,6
526,11740,,2025-12-15,2019,갱신,26.01~27.12,고덕동,"19,066",고덕그라시움,24,59.785,"18,158",,693,8
527,11740,,2025-12-16,2009,갱신,26.01~27.12,강일동,"5,511",강일리버파크5단지,20,49.87,"8,908",,670,8
528,11740,,2025-12-16,2009,갱신,26.01~27.12,강일동,"5,507",강일리버파크6단지,10,39.9,"5,507",,684,9
529,11740,,2025-12-16,2021,신규,26.02~28.02,강일동,"8,000",강동리버스트8단지,195,59.97,,,66,15
530,11740,,2025-12-16,2016,갱신,26.01~27.12,고덕동,"39,375",래미안힐스테이트고덕,0,59.35,"37,500",,688,13
531,11740,사용,2025-12-16,2017,갱신,25.12~27.12,천호동,"84,000",래미안강동팰리스,0,84.97,"80,000",,571,5
532,11740,,2025-12-16,1997,,,천호동,"20,000",천호동삼성아파트,110,59.86,,,528,19
533,11740,,2025-12-16,2019,갱신,26.01~27.12,고덕동,"18,834",고덕그라시움,25,59.028,"18,158",,693,12
534,11740,사용,2025-12-16,1985,갱신,26.01~28.01,명일동,"45,000",고덕주공9,0,83.93,"45,000",,257,12
535,11740,,2025-12-16,2019,갱신,26.02~28.02,상일동,"53,100",고덕롯데캐슬베네루체,50,84.923,"50,000",50,514,5
536,11740,,2025-12-16,2009,신규,26.01~28.01,강일동,"62,000",강일리버파크9단지,0,84.74,,,699,6
537,11740,,2025-12-16,1997,신규,26.03~28.03,천호동,"40,000",유원아파트,0,55.98,,,287-9,10
538,11740,,2025-12-16,2004,갱신,25.12~27.12,길동,"10,000",광남벨라스613V,140,84.13,"10,000",125,385-3,3
539,11740,,2025-12-16,2003,신규,26.02~28.02,길동,"56,000",우림루미아트,0,84.07,,,45,4
540,11740,,2025-12-16,2025,신규,26.02~28.02,성내동,"90,000",그란츠리버파크,0,84.9994,,,611,10
541,11740,,2025-12-16,2019,갱신,26.02~28.02,상일동,"50,000",고덕롯데캐슬베네루체,130,84.923,"45,000",90,514,4
542,11740,,2025-12-16,2019,갱신,26.01~27.12,고덕동,"18,834",고덕그라시움,25,59.028,"18,158",,693,5
543,11740,,2025-12-16,2019,갱신,26.01~27.12,고덕동,"12,676",고덕그라시움,52,59.052,"14,978",,693,5
544,11740,,2025-12-16,2016,갱신,26.01~27.12,고덕동,"39,375",래미안힐스테이트고덕,0,59.23,"37,500",,688,7
545,11740,사용,2025-12-16,2019,갱신,25.12~27.12,고덕동,"72,000",고덕그라시움,0,84.046,"70,000",,693,16
546,11740,,2025-12-16,2020,갱신,26.01~27.12,강일동,"33,075",강동리버스트4단지,0,59.99,"31,500",,114,14
547,11740,사용,2025-12-16,2016,갱신,26.01~27.02,고덕동,"93,000",래미안힐스테이트고덕,17,97.26,"93,000",,688,9
548,11740,,2025-12-16,2013,갱신,26.01~28.01,길동,"9,500",강동큐브(2차),0,15.12,"13,000",,415-13,7
549,11740,,2025-12-16,2019,신규,26.02~28.02,성내동,"29,760",SM엘루이,6,23.17,,,379-17,4
550,11740,,2025-12-16,2019,신규,26.02~28.02,고덕동,"100,000",고덕그라시움,0,84.244,,,693,7
551,11740,,2025-12-16,2016,갱신,26.01~27.12,고덕동,"39,375",래미안힐스테이트고덕,0,59.23,"37,500",,688,6
552,11740,,2025-12-16,2011,갱신,26.01~27.12,강일동,"36,618",고덕리엔파크1단지,0,84.87,"34,875",,707,4
553,11740,,2025-12-16,2016,신규,26.02~28.02,고덕동,"70,000",래미안힐스테이트고덕,130,84.83,,,688,25
554,11740,사용,2025-12-16,2019,갱신,26.01~28.04,암사동,"72,000",힐스테이트 강동 리버뷰,0,84.9921,"70,000",,675,4
555,11740,,2025-12-16,2009,갱신,26.01~27.12,강일동,"1,372",강일리버파크6단지,27,39.9,"1,372",,684,3
556,11740,,2025-12-16,2009,갱신,26.01~27.12,강일동,"7,303",강일리버파크6단지,0,39.9,"7,144",,684,9
557,11740,,2025-12-16,2009,갱신,26.01~27.12,강일동,"7,303",강일리버파크3단지,0,39.9,"7,144",,674,12
558,11740,,2025-12-16,2020,갱신,26.01~27.12,고덕동,"5,400",고덕센트럴푸르지오,51,40.92,"5,080",,210-1,20
559,11740,,2025-12-16,2016,갱신,26.01~27.12,고덕동,"39,375",래미안힐스테이트고덕,0,59.35,"37,500",,688,2
560,11740,,2025-12-16,1997,신규,26.02~28.02,천호동,"20,000",천호동삼성아파트,110,59.86,,,528,19
561,11740,,2025-12-16,2020,갱신,26.01~27.12,고덕동,"14,510",고덕센트럴푸르지오,20,40.09,"16,528",,210-1,7
562,11740,,2025-12-16,2009,갱신,26.01~27.12,강일동,"9,093",강일리버파크4단지,0,49.87,"8,750",,673,12
563,11740,,2025-12-16,2009,갱신,26.01~27.12,강일동,"9,093",강일리버파크4단지,0,49.9,"8,752",,673,10
564,11740,,2025-12-17,2011,갱신,26.01~27.12,상일동,"11,951",고덕리엔파크3단지,13,49.92,"9,960",,490,8
565,11740,,2025-12-17,2021,갱신,26.01~27.12,강일동,"3,657",강동리버스트7단지,26,39.61,"3,520",,91,1
566,11740,사용,2025-12-17,1986,갱신,26.06~28.06,명일동,"74,550",명일우성,0,133.65,"71,000",,42,3
567,11740,,2025-12-17,2020,신규,26.03~28.03,강일동,"44,500",강동리버스트4단지,0,59.99,,,114,9
568,11740,사용,2025-12-17,2017,갱신,26.01~28.01,성내동,"10,000",건영아모리움,22,11.6448,"10,000",20,244-6,10
569,11740,,2025-12-17,2011,갱신,26.01~27.12,상일동,"16,016",고덕리엔파크3단지,0,59.94,"16,016",,490,14
570,11740,,2025-12-17,2009,갱신,26.01~27.12,강일동,"42,840",강일리버파크2단지,0,114.81,"40,800",,668,1
571,11740,사용,2025-12-17,2019,갱신,26.01~28.01,상일동,"20,000",고덕센트럴IPARK,234,84.97,"20,000",220,513,10
572,11740,,2025-12-17,2019,갱신,26.02~28.02,명일동,"103,000",래미안솔베뉴,0,84.68,"95,000",,359,6
573,11740,사용,2025-12-17,2020,갱신,26.02~28.02,상일동,"75,600",고덕아르테온,0,84.93,"72,000",,519,12
574,11740,,2025-12-17,2021,갱신,26.01~27.12,상일동,"12,704",강동리엔파크11단지,7,29.99,"13,352",,36-3,6
575,11740,사용,2025-12-17,2019,갱신,25.12~27.12,고덕동,"84,000",고덕그라시움,0,84.244,"80,000",,693,15
576,11740,,2025-12-17,2011,갱신,26.01~27.12,상일동,"37,406",고덕리엔파크3단지,0,84.98,"37,406",,490,9
577,11740,사용,2025-12-17,2012,갱신,26.04~28.03,길동,"1,000",백천이스트하임,58,17.39,"1,000",57,366-13,2
578,11740,,2025-12-17,2016,갱신,26.01~27.12,고덕동,"39,375",래미안힐스테이트고덕,0,59.35,"37,500",,688,8
579,11740,,2025-12-17,2019,갱신,26.01~27.01,상일동,"53,500",고덕센트럴IPARK,0,59.97,"51,000",,513,5
580,11740,,2025-12-17,2021,갱신,26.01~27.12,강일동,"33,075",강동리버스트7단지,0,59.95,"31,500",,91,2
581,11740,사용,2025-12-17,2007,갱신,26.01~28.01,천호동,"52,000",강변그대가리버뷰,0,84.97,"52,000",,568,8
582,11740,,2025-12-17,2009,갱신,26.01~27.12,강일동,"9,093",강일리버파크5단지,0,49.9,"8,908",,670,8
583,11740,,2025-12-17,2019,갱신,26.01~27.12,고덕동,"18,834",고덕그라시움,25,59.028,"18,158",,693,2
584,11740,,2025-12-17,2019,갱신,26.01~27.12,고덕동,"7,767",고덕그라시움,62,59.785,"7,091",,693,5
585,11740,,2025-12-17,2009,갱신,26.01~27.12,강일동,"4,157",강일리버파크4단지,28,49.9,"4,001",,673,6
586,11740,,2025-12-17,2020,갱신,26.01~27.12,고덕동,"14,510",고덕센트럴푸르지오,20,40.09,"16,528",,210-1,9
587,11740,,2025-12-17,2009,갱신,26.01~27.12,강일동,"7,144",강일리버파크6단지,1,39.9,"7,144",,684,6
588,11740,,2025-12-17,2019,신규,26.03~28.03,명일동,"65,000",래미안솔베뉴,0,49.66,,,359,14
589,11740,,2025-12-17,2019,갱신,26.01~27.12,고덕동,"18,614",고덕그라시움,27,59.028,"17,938",,693,7
590,11740,,2025-12-17,2020,신규,26.02~28.02,상일동,"20,000",고덕아르테온,220,59.83,,,519,14
591,11740,,2025-12-17,2019,신규,25.12~28.03,성내동,"20,735",집앤사비디아파트,23,38.4,,,545-7,6
592,11740,사용,2025-12-17,2016,갱신,26.01~28.01,고덕동,"87,150",래미안힐스테이트고덕,0,84.88,"83,000",,688,9
593,11740,사용,2025-12-17,2008,갱신,26.01~28.01,암사동,"42,000",롯데캐슬퍼스트,147,84.98,"40,000",140,414-2,19
594,11740,사용,2025-12-17,2023,갱신,25.12~27.12,강일동,"57,750",힐스테이트리슈빌강일,0,84.8935,"55,000",,72,9
595,11740,,2025-12-17,2009,갱신,26.01~27.12,강일동,"8,908",강일리버파크8단지,1,49.9,"8,908",,701,4
596,11740,,2025-12-17,1992,갱신,26.02~28.02,상일동,"35,000",중앙하이츠,40,84.23,"35,000",30,476,4
597,11740,,2025-12-17,2019,갱신,26.01~27.12,고덕동,"18,834",고덕그라시움,25,59.028,"18,158",,693,4
598,11740,,2025-12-17,2021,갱신,26.01~27.12,강일동,"33,075",강동리버스트6단지,0,59.87,"31,500",,215,1
599,11740,,2025-12-17,2011,갱신,26.01~27.12,상일동,"52,500",고덕리엔파크3단지,0,114.97,"52,500",,490,13
600,11740,,2025-12-17,2009,신규,25.12~27.12,천호동,"85,000",강변그대가갤럭시,0,129.57,,,570,10
601,11740,사용,2025-12-18,2020,갱신,26.02~28.02,상일동,"64,050",고덕아르테온,0,59.98,"61,000",,519,20
602,11740,,2025-12-18,2009,갱신,26.01~27.12,강일동,"9,093",강일리버파크9단지,0,49.86,"8,908",,699,14
603,11740,,2025-12-18,2009,갱신,26.01~27.12,강일동,"4,622",강일리버파크7단지,15,39.9,"4,622",,686,3
604,11740,,2025-12-18,2004,신규,26.02~28.02,길동,"47,000",에이치비골드빌(102동),0,64.19,,,384-4,5
605,11740,,2025-12-18,2009,갱신,26.01~27.12,강일동,"42,840",강일리버파크9단지,0,114.81,"40,800",,699,11
606,11740,,2025-12-18,2020,,,상일동,"64,050",고덕아르테온,0,59.98,,,519,20
607,11740,,2025-12-18,2009,갱신,26.01~27.12,강일동,"7,429",강일리버파크4단지,9,49.9,"7,673",,673,7
608,11740,사용,2025-12-18,2019,갱신,26.02~28.02,상일동,"73,500",고덕센트럴IPARK,0,84.91,"70,000",,513,5
609,11740,,2025-12-18,1985,신규,26.02~28.02,명일동,"15,000",고덕주공9,160,83.52,,,257,11
610,11740,,2025-12-18,2020,신규,26.02~28.02,강일동,"40,000",강동리버스트4단지,0,59.99,,,114,10
611,11740,,2025-12-18,2019,갱신,26.02~28.02,상일동,"74,000",고덕센트럴IPARK,0,59.97,"64,000",,513,21
612,11740,,2025-12-18,2024,신규,25.12~27.12,길동,"6,500",길동생활B,41,17.01,,,368-7,6
613,11740,,2025-12-18,1982,신규,25.12~27.12,길동,"30,000",삼익파크맨션,0,95.87,,,53,4
614,11740,,2025-12-18,2009,갱신,26.01~27.12,강일동,"42,840",강일리버파크9단지,0,114.81,"40,800",,699,10
615,11740,사용,2025-12-18,2009,갱신,26.01~28.01,강일동,"45,000",강일리버파크6단지,0,84.74,"45,000",,684,11
616,11740,사용,2025-12-18,2019,갱신,26.02~28.02,명일동,"65,000",래미안솔베뉴,0,59.11,"65,000",,359,8
617,11740,,2025-12-18,2021,갱신,26.01~27.12,강일동,"27,011",강동리버스트6단지,0,59.97,"25,725",,215,9
618,11740,,2025-12-18,2014,신규,25.12~27.12,길동,"1,000",청광플러스원큐브3차,55,13.265,,,415-16,17
619,11740,,2025-12-18,2019,신규,26.02~28.02,고덕동,"78,000",고덕그라시움,0,59.785,,,693,8
620,11740,,2025-12-18,2000,신규,26.02~28.02,암사동,"10,000",선사현대아파트,200,83.67,,,509,4
621,11740,,2025-12-18,2021,신규,26.02~28.02,천호동,"7,458",천호역한강청년주택,46,19.67,,,458-3,6
622,11740,사용,2025-12-18,1985,갱신,26.01~28.01,명일동,"28,800",고덕주공9,0,83.34,"27,800",,257,8
623,11740,사용,2025-12-18,1993,갱신,26.01~28.01,둔촌동,"48,000",라이프101동(544)102동(544-1),0,79.53,"46,000",,544,5
624,11740,사용,2025-12-18,2019,갱신,26.02~28.02,상일동,"30,000",고덕센트럴IPARK,175,84.91,"30,000",160,513,3
625,11740,,2025-12-18,2009,갱신,26.01~27.12,강일동,"6,951",강일리버파크3단지,2,39.9,"6,951",,674,4
626,11740,,2025-12-18,2006,갱신,25.12~27.12,길동,"44,000",강동역에스케이허브,0,84.94,"42,000",,445-1,18
627,11740,,2025-12-18,2009,갱신,26.01~27.12,강일동,"8,908",강일리버파크9단지,1,49.9,"8,908",,699,5
628,11740,,2025-12-18,2019,신규,26.02~28.02,상일동,"52,000",고덕롯데캐슬베네루체,70,59.981,,,514,8
629,11740,,2025-12-18,2017,신규,26.01~28.01,성내동,"10,000",건영아모리움,20,11.6448,,,244-6,8
630,11740,,2025-12-18,1983,갱신,26.03~28.03,명일동,"28,000",삼익그린2차,0,54.81,"28,000",,15,7
631,11740,,2025-12-18,2011,갱신,26.01~27.12,강일동,"52,500",고덕리엔파크2단지,0,114.97,"50,000",,717,12
632,11740,,2025-12-18,2009,갱신,26.01~27.12,강일동,"42,840",강일리버파크9단지,0,114.81,"40,800",,699,8
633,11740,,2025-12-18,2020,신규,25.12~26.12,성내동,"1,500",집앤사비카,80,15.95,,,419,10
634,11740,,2025-12-18,2021,갱신,26.03~28.03,천호동,"5,188",천호역한강청년주택,33,14.07,"5,188",32,458-3,4
635,11740,,2025-12-18,2019,갱신,26.01~27.12,고덕동,"18,834",고덕그라시움,25,59.785,"18,158",,693,7
636,11740,,2025-12-18,2021,갱신,26.01~27.12,강일동,"33,075",강동리버스트8단지,0,59.97,"31,500",,66,3
637,11740,,2025-12-18,2009,갱신,26.01~27.12,강일동,"6,874",강일리버파크9단지,12,49.9,"6,874",,699,7
638,11740,,2025-12-18,2009,갱신,26.01~27.12,강일동,"31,007",강일리버파크9단지,0,84.83,"29,531",,699,7
639,11740,,2025-12-19,2013,신규,25.12~26.12,길동,500,청광플러스원큐브2차,55,14.495,,,457,9
640,11740,,2025-12-19,2003,신규,26.03~28.03,길동,"75,000",강동LG자이,0,126.43,,,474,3
641,11740,,2025-12-19,2021,갱신,26.01~27.12,강일동,"27,011",강동리버스트6단지,0,59.97,"25,725",,215,9
642,11740,,2025-12-19,2009,신규,25.12~27.12,강일동,"53,000",강일리버파크7단지,0,84.74,,,686,8
643,11740,사용,2025-12-19,2016,갱신,26.02~28.02,고덕동,"81,900",래미안힐스테이트고덕,0,84.9,"78,000",,688,6
644,11740,,2025-12-19,2019,갱신,26.02~28.02,고덕동,"75,000",고덕그라시움,0,59.785,"55,000",,693,14
645,11740,사용,2025-12-19,2019,갱신,26.01~28.01,명일동,"80,850",래미안솔베뉴,0,78.07,"77,000",,359,6
646,11740,,2025-12-19,2021,갱신,26.01~27.12,상일동,"12,704",강동리엔파크11단지,7,29.99,"13,352",,36-3,4
647,11740,,2025-12-19,2025,신규,26.01~28.01,성내동,"20,000",그란츠리버파크,150,59.9759,,,611,23
648,11740,,2025-12-19,2021,갱신,26.01~27.12,강일동,"27,011",강동리버스트6단지,0,59.97,"25,725",,215,5
649,11740,사용,2025-12-19,2019,갱신,26.01~28.01,상일동,"40,000",고덕센트럴IPARK,90,59.97,"40,000",80,513,10
650,11740,사용,2025-12-19,2019,갱신,26.01~28.01,명일동,"80,850",래미안솔베뉴,0,78.07,"77,000",,359,6
651,11740,,2025-12-19,2017,신규,26.01~28.01,천호동,"73,000",래미안강동팰리스,0,59.98,,,571,27
652,11740,사용,2025-12-19,2019,갱신,26.01~28.01,상일동,"40,000",고덕센트럴IPARK,90,59.97,"40,000",80,513,10
653,11740,사용,2025-12-19,2016,갱신,26.02~28.02,고덕동,"84,000",래미안힐스테이트고덕,0,84.83,"80,000",,688,8
654,11740,,2025-12-19,2009,갱신,26.01~27.12,강일동,"31,007",강일리버파크9단지,0,84.83,"29,531",,699,3
655,11740,,2025-12-19,2010,신규,26.01~28.01,둔촌동,"85,000",둔촌푸르지오,0,84.92,,,630,17
656,11740,,2025-12-19,1982,갱신,26.01~28.01,길동,"5,000",삼익파크맨션,72,62.91,"13,000",60,53,6
657,11740,,2025-12-19,2002,신규,26.01~28.01,성내동,"40,000",성안마을청구,0,37.8,,,295,1
658,11740,,2025-12-19,2011,갱신,26.01~27.12,고덕동,"37,406",고덕 아이파크,0,59.99,"35,625",,499,4
659,11740,사용,2025-12-19,2019,갱신,26.03~28.03,고덕동,"66,675",고덕그라시움,0,59.785,"63,500",,693,11
660,11740,,2025-12-19,1983,갱신,25.12~27.12,명일동,"67,000",삼익그린2차,0,107.56,"6,100",,15,7
661,11740,사용,2025-12-19,2023,갱신,26.03~28.03,강일동,"20,000",힐스테이트리슈빌강일,180,101.8406,"20,000",180,72,16
662,11740,,2025-12-19,1983,신규,25.12~27.05,명일동,"70,000",삼익그린2차,0,107.56,,,15,8
663,11740,,2025-12-19,2009,갱신,26.01~27.12,강일동,"4,157",강일리버파크5단지,28,49.9,"4,001",27,670,3
664,11740,사용,2025-12-19,2001,갱신,26.01~28.01,길동,"47,000",한빛골드빌1차,0,72.41,"45,000",,384-1,13
665,11740,사용,2025-12-19,2019,갱신,25.12~27.12,고덕동,"84,000",고덕그라시움,0,84.244,"80,000",,693,5
666,11740,,2025-12-19,2021,갱신,26.03~28.03,상일동,"30,000",고덕자이,160,59.9398,"30,000",120,521,25
667,11740,,2025-12-19,2009,갱신,26.01~27.12,강일동,"7,608",강일리버파크3단지,2,39.87,"2,938",23,674,7
668,11740,,2025-12-19,2022,신규,25.12~28.03,길동,100,거산유팰리스2차,61,34.32,,,414-9,12
669,11740,,2025-12-19,2009,갱신,26.01~27.12,강일동,"28,205",강일리버파크9단지,0,114.81,"26,862",,699,3
670,11740,,2025-12-19,2019,갱신,26.01~27.12,고덕동,"7,767",고덕그라시움,62,59.028,"13,538",46,693,6
671,11740,,2025-12-19,2021,신규,25.12~27.12,상일동,"80,000",고덕자이,0,74.823,,,521,15
672,11740,,2025-12-19,1999,신규,26.01~28.01,성내동,"15,000",둔촌역청구,220,84.94,,,419-1,11
673,11740,,2025-12-19,2003,갱신,25.12~27.06,길동,"55,000",강동LG자이,0,84.88,"52,900",,474,20
674,11740,,2025-12-19,2019,신규,26.02~28.02,길동,"16,000",경지Arium,35,14.12,,,413-11,4
675,11740,,2025-12-19,1985,신규,26.02~28.02,명일동,"44,000",고덕주공9,40,83.93,,,257,14
676,11740,,2025-12-19,1982,신규,25.12~27.12,길동,"50,000",삼익파크맨션,0,95.87,,,53,10
677,11740,,2025-12-20,1983,신규,26.03~28.03,명일동,"41,000",삼익그린2차,0,54.81,,,15,14
678,11740,,2025-12-20,2009,갱신,25.12~27.12,길동,"55,000",동서울오네뜨,0,84.82,"47,000",,339-1,8
679,11740,,2025-12-20,2019,신규,26.03~28.02,상일동,"74,000",고덕센트럴IPARK,0,59.97,,,513,17
680,11740,,2025-12-20,2019,갱신,26.01~28.01,고덕동,"52,080",고덕그라시움,0,59.785,"49,600",,693,4
681,11740,,2025-12-20,2012,신규,26.01~28.01,길동,"10,000",현대웰하임(101동),0,16.959,,,343-1,6
682,11740,,2025-12-20,2009,신규,26.02~28.02,강일동,"6,000",강일리버파크7단지,106,84.53,,,686,5
683,11740,사용,2025-12-20,2016,갱신,26.02~28.02,고덕동,"50,000",래미안힐스테이트고덕,62,59.35,"50,000",50,688,15
684,11740,,2025-12-20,2019,갱신,25.12~27.12,고덕동,"77,000",고덕그라시움,0,59.028,"65,000",,693,13
685,11740,,2025-12-20,2000,갱신,26.01~28.01,암사동,"36,000",선사현대아파트,30,58.68,"36,000",,509,2
686,11740,사용,2025-12-20,2020,갱신,26.02~28.02,상일동,"30,000",고덕아르테온,213,84.95,"40,000",160,519,5
687,11740,,2025-12-20,1984,신규,26.03~28.03,명일동,"38,000",삼익가든,25,72.55,,,270,1
688,11740,,2025-12-20,2019,갱신,26.01~28.01,고덕동,"67,135",고덕그라시움,0,84.046,"63,945",,693,10
689,11740,,2025-12-20,2002,갱신,25.12~26.10,암사동,"55,000",삼성광나루,60,114.87,"55,000",,508,10
690,11740,,2025-12-20,2010,신규,26.02~28.02,둔촌동,"30,000",둔촌푸르지오,140,59.98,,,630,5
691,11740,사용,2025-12-20,2009,갱신,26.02~28.02,강일동,"47,200",강일리버파크4단지,0,84.53,"45,000",,673,3
692,11740,,2025-12-20,2021,신규,26.03~28.03,상일동,"70,340",고덕자이,0,59.7084,,,521,16
693,11740,,2025-12-20,2017,신규,26.03~28.03,천호동,"75,000",래미안강동팰리스,0,59.98,,,571,14
694,11740,사용,2025-12-20,2023,갱신,26.01~28.01,강일동,"55,650",힐스테이트리슈빌강일,0,84.8942,"53,000",,72,6
695,11740,사용,2025-12-20,2011,갱신,26.02~28.02,고덕동,"120,000",고덕 아이파크,0,114.98,"115,000",,499,12
696,11740,,2025-12-20,2004,신규,26.02~28.02,성내동,"27,000",에스케이허브진,0,33.71,,,194,5
697,11740,,2025-12-20,2021,신규,26.01~28.01,상일동,"30,000",고덕자이,240,84.9712,,,521,6
698,11740,,2025-12-20,2010,신규,26.02~28.02,성내동,"81,000",파라디아,0,115.49,,,605,11
699,11740,,2025-12-20,1983,신규,26.02~28.02,명일동,"45,000",삼익그린2차,0,66.87,,,15,3
700,11740,,2025-12-20,2011,신규,26.01~28.01,강일동,"30,000",고덕리엔파크1단지,120,84.83,,,707,14
701,11740,,2025-12-20,2018,신규,26.01~28.01,상일동,"87,000",고덕숲아이파크,0,84.97,,,515,9
702,11740,사용,2025-12-20,2020,갱신,26.03~28.03,상일동,"59,000",고덕아르테온,11,59.98,"59,000",,519,4
703,11740,,2025-12-20,2020,신규,25.12~27.12,명일동,"8,000",원일타워,35,14.25,,,353-2,4
704,11740,사용,2025-12-20,2002,갱신,25.12~27.12,둔촌동,"55,000",신동아파밀리에,0,84.63,"55,000",,555,4
705,11740,,2025-12-20,2020,신규,26.03~28.03,상일동,"100,000",고덕아르테온,0,84.93,,,519,13
706,11740,사용,2025-12-20,2019,갱신,26.02~28.02,고덕동,"92,000",고덕그라시움,0,84.244,"90,000",,693,15
707,11740,,2025-12-20,2019,신규,26.02~28.02,고덕동,"10,000",고덕그라시움,310,84.244,,,693,13
708,11740,사용,2025-12-20,2019,갱신,26.02~28.02,고덕동,"61,950",고덕그라시움,0,59.785,"59,000",,693,4
709,11740,사용,2025-12-20,2008,갱신,26.02~28.02,암사동,"78,750",롯데캐슬퍼스트,0,84.98,"75,000",,414-2,33
710,11740,,2025-12-20,2019,신규,26.02~28.02,상일동,"40,000",고덕롯데캐슬베네루체,180,84.923,,,514,5
711,11740,,2025-12-21,2019,신규,26.02~28.02,고덕동,"102,000",고덕그라시움,0,84.24,,,693,2
712,11740,,2025-12-21,2019,갱신,26.01~28.01,상일동,"68,240",고덕센트럴IPARK,0,84.97,"65,040",,513,26
713,11740,,2025-12-21,2005,신규,26.02~28.02,천호동,"59,000",천호e-편한세상,0,84.95,,,333-55,10
714,11740,,2025-12-21,2023,신규,26.03~28.03,강일동,"70,000",힐스테이트리슈빌강일,0,84.8942,,,72,4
715,11740,,2025-12-21,2008,신규,25.12~27.12,암사동,"75,000",롯데캐슬퍼스트,0,84.98,,,414-2,32
716,11740,,2025-12-21,2011,갱신,26.01~27.12,고덕동,"37,406",고덕 아이파크,0,59.99,"35,625",,499,1
717,11740,,2025-12-21,1995,신규,26.02~28.02,고덕동,"20,000",배재현대,160,59.94,,,312,15
718,11740,,2025-12-21,2019,신규,26.02~28.02,상일동,"69,000",고덕센트럴IPARK,0,59.97,,,513,8
719,11740,사용,2025-12-21,1995,갱신,25.12~27.12,고덕동,"49,350",배재현대,0,59.94,"47,000",,312,19
720,11740,,2025-12-21,2019,신규,26.02~28.02,암사동,"78,000",힐스테이트 강동 리버뷰,0,84.9921,,,675,10
721,11740,,2025-12-22,2012,신규,26.03~28.03,성내동,"12,300",아이퍼스트빌,15,15.94,,,199-18,7
722,11740,,2025-12-22,2020,갱신,26.01~27.12,강일동,"33,075",강동리버스트4단지,0,59.99,"31,500",,114,14
723,11740,,2025-12-22,2019,갱신,26.03~28.03,고덕동,"77,000",고덕그라시움,0,59.785,"67,500",,693,6
724,11740,,2025-12-22,2000,신규,25.12~26.01,암사동,"46,000",선사현대아파트,0,58.68,,,509,21
725,11740,,2025-12-22,2019,갱신,26.01~28.01,고덕동,"70,000",고덕그라시움,0,59.785,"63,000",,693,9
726,11740,,2025-12-22,2024,신규,26.01~27.12,둔촌동,"50,000",대경베일리,80,77.3119,,,451-1,6
727,11740,,2025-12-22,1982,갱신,26.01~28.01,길동,"20,000",삼익파크맨션,40,72.3,"20,000",40,53,6
728,11740,,2025-12-22,2023,신규,26.01~28.01,성내동,"5,350",천호역효성해링턴타워,39,16.09,,,609,3
729,11740,,2025-12-22,2009,갱신,26.01~27.12,강일동,"6,874",강일리버파크4단지,12,49.87,"4,001",27,673,6
730,11740,사용,2025-12-22,2019,갱신,26.02~28.02,상일동,"59,800",고덕롯데캐슬베네루체,0,59.981,"57,000",,514,3
731,11740,,2025-12-22,2016,갱신,26.02~28.02,고덕동,"25,000",래미안힐스테이트고덕,370,97.26,"25,000",260,688,23
732,11740,,2025-12-22,2009,갱신,26.01~27.12,강일동,"9,093",강일리버파크4단지,0,49.9,"8,752",,673,13
733,11740,,2025-12-22,1996,신규,26.02~28.02,고덕동,"52,000",아남1,0,84.91,,,486,12
734,11740,,2025-12-22,2000,갱신,26.02~26.08,암사동,"37,400",선사현대아파트,0,59.64,"37,400",,509,10
735,11740,,2025-12-22,1995,신규,25.12~28.01,고덕동,"75,000",배재현대,0,84.9,,,312,3
736,11740,,2025-12-22,2009,갱신,26.01~27.12,강일동,"28,205",강일리버파크10단지,0,114.81,"26,862",,695,10
737,11740,,2025-12-22,1982,신규,26.02~26.12,길동,"6,000",삼익파크맨션,90,95.96,,,53,3
738,11740,사용,2025-12-22,2009,갱신,25.12~27.12,강일동,"49,300",강일리버파크6단지,0,84.74,"47,000",,684,5
739,11740,,2025-12-22,2019,신규,26.02~28.02,명일동,"15,000",래미안솔베뉴,250,59.11,,,359,9
740,11740,,2025-12-22,2009,갱신,26.01~27.12,강일동,"4,157",강일리버파크4단지,28,49.87,"4,001",27,673,9
741,11740,사용,2025-12-22,2019,갱신,26.01~28.01,고덕동,"33,000",고덕그라시움,195,84.244,"33,000",180,693,11
742,11740,,2025-12-23,2009,갱신,26.01~27.12,강일동,"9,093",강일리버파크4단지,0,49.9,"8,526",1,673,8
743,11740,,2025-12-23,1983,갱신,26.02~28.02,명일동,"60,900",삼익그린2차,0,107.56,"58,000",,15,11
744,11740,,2025-12-23,2019,갱신,26.01~27.12,고덕동,"18,614",고덕그라시움,27,59.785,"17,938",24,693,9
745,11740,,2025-12-23,2011,신규,26.02~28.02,상일동,"68,000",고덕리엔파크3단지,0,84.83,,,490,6
746,11740,,2025-12-23,1998,갱신,26.01~28.01,천호동,"35,500",중앙하이츠,0,59.85,"30,450",,305,2
747,11740,사용,2025-12-23,2020,갱신,26.02~28.02,상일동,"78,700",고덕아르테온,0,84.93,"75,000",,519,17
748,11740,,2025-12-23,2007,신규,26.02~28.02,암사동,"30,000",프라이어팰리스,140,59.983,,,413,13
749,11740,,2025-12-23,2019,신규,26.01~28.01,상일동,"50,000",고덕센트럴IPARK,90,59.97,,,513,12
750,11740,,2025-12-23,2021,갱신,26.02~28.02,천호동,"8,029",천호역한강청년주택,42,19.67,"7,560",42,458-3,15
751,11740,,2025-12-23,2009,갱신,26.01~27.12,강일동,"5,391",강일리버파크3단지,11,39.9,"5,277",10,674,10
752,11740,,2025-12-23,2009,갱신,26.01~27.12,강일동,"9,093",강일리버파크5단지,28,49.87,"8,526",1,670,2
753,11740,,2025-12-23,2009,갱신,26.01~27.12,강일동,"13,444",강일리버파크9단지,0,59.71,"12,804",,699,1
754,11740,,2025-12-23,2021,신규,26.02~28.02,성내동,"19,000",에스아이팰리스센트럴성내,8,14.0675,,,548-4,7
755,11740,,2025-12-23,2009,갱신,26.01~27.12,강일동,"5,604",강일리버파크6단지,9,39.9,,23,684,14
756,11740,,2025-12-23,2021,갱신,26.01~27.12,상일동,"4,080",강동리엔파크14단지,32,29.84,"4,860",35,28,12
757,11740,,2025-12-23,2011,갱신,26.01~27.12,강일동,"14,592",고덕리엔파크2단지,0,59.9,"13,898",,717,3
758,11740,,2025-12-23,2011,신규,26.02~28.02,강일동,"40,000",고덕리엔파크1단지,80,84.98,,,707,2
759,11740,사용,2025-12-23,2023,갱신,25.12~27.12,강일동,"60,900",힐스테이트리슈빌강일,0,84.7324,"58,000",,72,5
760,11740,,2025-12-23,2018,신규,26.02~28.02,상일동,"10,000",고덕숲아이파크,225,59.97,,,515,23
761,11740,,2025-12-23,2020,신규,26.02~28.02,천호동,"19,000",미사아름채아파트,18,12.995,,,452-15,8
762,11740,,2025-12-23,2009,신규,25.12~27.11,강일동,"56,000",강일리버파크1단지,0,84.74,,,665,11
763,11740,,2025-12-23,1992,신규,25.12~26.01,상일동,"45,000",중앙하이츠,0,59.94,,,476,6
764,11740,,2025-12-23,2019,갱신,26.02~28.02,상일동,"83,000",고덕롯데캐슬베네루체,0,84.923,"69,500",,514,19
765,11740,,2025-12-23,2019,신규,26.01~28.01,성내동,"17,300",집앤사비디아파트,35,20.83,,,545-7,9
766,11740,,2025-12-23,2019,신규,25.12~27.12,상일동,"70,000",고덕롯데캐슬베네루체,0,59.981,,,514,3
767,11740,,2025-12-23,2009,갱신,26.01~27.12,강일동,"14,822",강일리버파크3단지,0,59.88,"13,445",,674,2
768,11740,,2025-12-23,2009,신규,26.01~28.01,강일동,"68,000",강일리버파크4단지,0,84.83,,,673,4
769,11740,,2025-12-23,2009,갱신,26.01~27.12,강일동,"13,444",강일리버파크5단지,0,59.87,"12,804",,670,14
770,11740,,2025-12-23,2009,갱신,26.01~27.12,강일동,"7,119",강일리버파크4단지,11,49.9,"6,852",,673,4
771,11740,,2025-12-23,2011,갱신,26.01~27.12,고덕동,"37,406",고덕 아이파크,0,59.99,"35,625",,499,2
772,11740,,2025-12-23,2019,갱신,26.01~27.12,고덕동,"18,834",고덕그라시움,25,59.785,"13,538",46,693,7
773,11740,,2025-12-24,2009,갱신,26.01~27.12,강일동,"28,205",강일리버파크2단지,0,114.81,"26,862",,668,11
774,11740,,2025-12-24,2009,갱신,26.01~27.12,강일동,"26,555",강일리버파크2단지,0,84.83,"25,291",,668,7
775,11740,,2025-12-24,1983,신규,26.01~28.01,명일동,"9,600",삼익그린2차,33,42.93,,,15,2
776,11740,,2025-12-24,2021,갱신,26.01~27.12,강일동,"33,075",강동리버스트6단지,0,59.97,"31,500",,215,4
777,11740,,2025-12-24,2015,신규,26.01~28.03,강일동,"5,976",강일리버파크11단지,23,29.97,,,689,6
778,11740,,2025-12-24,2023,신규,26.03~28.03,강일동,"20,000",힐스테이트리슈빌강일,260,101.7074,,,72,8
779,11740,,2025-12-24,1992,신규,26.01~28.01,상일동,"45,000",중앙하이츠,0,84.23,,,476,3
780,11740,,2025-12-24,1999,갱신,25.12~27.12,천호동,"60,000",천호롯데아파트,0,114.68,"70,000",,55-4,2
781,11740,,2025-12-24,2009,갱신,26.01~27.12,강일동,"28,205",강일리버파크2단지,0,114.81,"26,862",,668,11
782,11740,,2025-12-24,2011,갱신,26.01~27.12,상일동,"33,547",고덕리엔파크3단지,0,84.83,"31,950",,490,14
783,11740,,2025-12-24,2011,갱신,26.01~27.12,상일동,"9,698",고덕리엔파크3단지,3,49.94,"9,531",1,490,8
784,11740,,2025-12-24,2015,신규,26.01~28.03,강일동,"5,976",강일리버파크11단지,23,29.96,,,689,8
785,11740,,2025-12-24,2020,신규,26.01~28.03,고덕동,"10,480",고덕센트럴푸르지오,40,40.09,,,210-1,19
786,11740,,2025-12-24,1983,신규,26.02~28.02,명일동,"42,000",삼익그린2차,0,66.87,,,15,6
787,11740,사용,2025-12-24,2020,갱신,26.03~28.03,상일동,"87,000",고덕아르테온,0,84.97,"83,000",,519,10
788,11740,,2025-12-24,2015,신규,26.01~28.03,강일동,"5,976",강일리버파크11단지,23,29.96,,,689,3
789,11740,,2025-12-24,2015,신규,26.01~28.03,강일동,"5,976",강일리버파크11단지,23,29.96,,,689,10
790,11740,,2025-12-24,2008,신규,26.02~28.02,암사동,"84,000",롯데캐슬퍼스트,0,84.98,,,414-2,11
791,11740,,2025-12-24,2009,갱신,26.01~27.12,강일동,"9,093",강일리버파크5단지,28,49.86,"8,752",,670,3
